INFO:     Will watch for changes in these directories: ['/Users/thibaultjaigu/alex-projects/reverse-inheritance-2025/backend']
INFO:     Uvicorn running on http://0.0.0.0:8000 (Press CTRL+C to quit)
INFO:     Started reloader process [44442] using WatchFiles
INFO:     Started server process [44460]
INFO:     Waiting for application startup.
2025-09-27 12:34:50,269 INFO sqlalchemy.engine.Engine select pg_catalog.version()
2025-09-27 12:34:50,269 INFO sqlalchemy.engine.Engine [raw sql] ()
2025-09-27 12:34:50,272 INFO sqlalchemy.engine.Engine select current_schema()
2025-09-27 12:34:50,272 INFO sqlalchemy.engine.Engine [raw sql] ()
2025-09-27 12:34:50,273 INFO sqlalchemy.engine.Engine show standard_conforming_strings
2025-09-27 12:34:50,273 INFO sqlalchemy.engine.Engine [raw sql] ()
2025-09-27 12:34:50,274 INFO sqlalchemy.engine.Engine BEGIN (implicit)
2025-09-27 12:34:50,274 INFO sqlalchemy.engine.Engine SELECT 1
2025-09-27 12:34:50,274 INFO sqlalchemy.engine.Engine [generated in 0.00003s] ()
✅ Database connection successful
2025-09-27 12:34:50,275 INFO sqlalchemy.engine.Engine SELECT tablename FROM pg_tables WHERE schemaname = 'public'
2025-09-27 12:34:50,275 INFO sqlalchemy.engine.Engine [generated in 0.00003s] ()
📊 Found 5 tables: ['bot_status', 'profit_data', 'strategies', 'trades', 'connected_wallets']
2025-09-27 12:34:50,278 INFO sqlalchemy.engine.Engine COMMIT
INFO:     Application startup complete.
🔄 Fetching balance for user wallet: 2VyHQNXD62CqjHGbNkG8CZ1iVP9GRvcmss3gJDNQ1LVJ
2025-09-27 12:34:57,118 INFO sqlalchemy.engine.Engine BEGIN (implicit)
2025-09-27 12:34:57,118 INFO sqlalchemy.engine.Engine 
                SELECT trade_id, token_symbol, action, price, profit_loss, status,
                       wallet_address, input_token, output_token, input_amount, output_amount,
                       trade_action, signature, fee_sol, timestamp, created_at
                FROM trades
                ORDER BY created_at DESC
                LIMIT $1
            
2025-09-27 12:34:57,118 INFO sqlalchemy.engine.Engine [generated in 0.00007s] (5,)
2025-09-27 12:34:57,137 INFO sqlalchemy.engine.Engine ROLLBACK
INFO:     127.0.0.1:63091 - "GET /api/wallet/trades?limit=5 HTTP/1.1" 200 OK
✅ Loaded bot wallet from DB: B5CFkECN9FpVrQiYF5X2du3PoRSUtVBEYLV6AFg6uZBw
🤖 Using bot wallet: B5CFkECN9FpVrQiYF5X2du3PoRSUtVBEYLV6AFg6uZBw
🔄 Fetching ALL live token balances...
✅ User balance fetched: 0.008279885 SOL
INFO:     127.0.0.1:63088 - "GET /api/wallet/balance/2VyHQNXD62CqjHGbNkG8CZ1iVP9GRvcmss3gJDNQ1LVJ HTTP/1.1" 200 OK
💰 Found 3 tokens on blockchain
✅ Updated tokens for B5CFkECN9FpVrQiYF5X2du3PoRSUtVBEYLV6AFg6uZBw: 3 tokens
📊 Active tokens (2):
  SOL: 0.034864224
  USDT: 0.220873
INFO:     127.0.0.1:63089 - "GET /api/wallet/bot-wallet-live HTTP/1.1" 200 OK
INFO:     127.0.0.1:63133 - "OPTIONS /api/bot-trading/fund-bot HTTP/1.1" 200 OK
2025-09-27 12:35:05,524 INFO sqlalchemy.engine.Engine BEGIN (implicit)
2025-09-27 12:35:05,525 INFO sqlalchemy.engine.Engine 
                SELECT balance, trading_enabled
                FROM connected_wallets
                WHERE wallet_address = $1 AND is_active = true
            
2025-09-27 12:35:05,525 INFO sqlalchemy.engine.Engine [generated in 0.00037s] ('2VyHQNXD62CqjHGbNkG8CZ1iVP9GRvcmss3gJDNQ1LVJ',)
✅ Loaded bot wallet from DB: B5CFkECN9FpVrQiYF5X2du3PoRSUtVBEYLV6AFg6uZBw
2025-09-27 12:35:05,652 INFO sqlalchemy.engine.Engine 
                UPDATE connected_wallets
                SET trading_balance = COALESCE(trading_balance, 0) + $1,
                    trading_enabled = true,
                    updated_at = CURRENT_TIMESTAMP
                WHERE wallet_address = $2
            
2025-09-27 12:35:05,652 INFO sqlalchemy.engine.Engine [generated in 0.00021s] (0.01, '2VyHQNXD62CqjHGbNkG8CZ1iVP9GRvcmss3gJDNQ1LVJ')
2025-09-27 12:35:05,655 INFO sqlalchemy.engine.Engine COMMIT
INFO:     127.0.0.1:63133 - "POST /api/bot-trading/fund-bot HTTP/1.1" 200 OK
2025-09-27 12:35:09,106 INFO sqlalchemy.engine.Engine BEGIN (implicit)
2025-09-27 12:35:09,107 INFO sqlalchemy.engine.Engine 
                SELECT balance, trading_enabled
                FROM connected_wallets
                WHERE wallet_address = $1 AND is_active = true
            
2025-09-27 12:35:09,107 INFO sqlalchemy.engine.Engine [cached since 3.582s ago] ('2VyHQNXD62CqjHGbNkG8CZ1iVP9GRvcmss3gJDNQ1LVJ',)
✅ Loaded bot wallet from DB: B5CFkECN9FpVrQiYF5X2du3PoRSUtVBEYLV6AFg6uZBw
2025-09-27 12:35:09,230 INFO sqlalchemy.engine.Engine 
                UPDATE connected_wallets
                SET trading_balance = COALESCE(trading_balance, 0) + $1,
                    trading_enabled = true,
                    updated_at = CURRENT_TIMESTAMP
                WHERE wallet_address = $2
            
2025-09-27 12:35:09,231 INFO sqlalchemy.engine.Engine [cached since 3.579s ago] (0.01, '2VyHQNXD62CqjHGbNkG8CZ1iVP9GRvcmss3gJDNQ1LVJ')
2025-09-27 12:35:09,233 INFO sqlalchemy.engine.Engine COMMIT
INFO:     127.0.0.1:63133 - "POST /api/bot-trading/fund-bot HTTP/1.1" 200 OK
🔄 Fetching balance for user wallet: 2VyHQNXD62CqjHGbNkG8CZ1iVP9GRvcmss3gJDNQ1LVJ
2025-09-27 12:35:26,496 INFO sqlalchemy.engine.Engine BEGIN (implicit)
2025-09-27 12:35:26,497 INFO sqlalchemy.engine.Engine 
                SELECT trade_id, token_symbol, action, price, profit_loss, status,
                       wallet_address, input_token, output_token, input_amount, output_amount,
                       trade_action, signature, fee_sol, timestamp, created_at
                FROM trades
                ORDER BY created_at DESC
                LIMIT $1
            
2025-09-27 12:35:26,497 INFO sqlalchemy.engine.Engine [cached since 29.38s ago] (5,)
2025-09-27 12:35:26,498 INFO sqlalchemy.engine.Engine ROLLBACK
INFO:     127.0.0.1:63249 - "GET /api/wallet/trades?limit=5 HTTP/1.1" 200 OK
✅ Loaded bot wallet from DB: B5CFkECN9FpVrQiYF5X2du3PoRSUtVBEYLV6AFg6uZBw
🤖 Using bot wallet: B5CFkECN9FpVrQiYF5X2du3PoRSUtVBEYLV6AFg6uZBw
🔄 Fetching ALL live token balances...
✅ User balance fetched: 0.008279885 SOL
INFO:     127.0.0.1:63245 - "GET /api/wallet/balance/2VyHQNXD62CqjHGbNkG8CZ1iVP9GRvcmss3gJDNQ1LVJ HTTP/1.1" 200 OK
💰 Found 3 tokens on blockchain
✅ Updated tokens for B5CFkECN9FpVrQiYF5X2du3PoRSUtVBEYLV6AFg6uZBw: 3 tokens
📊 Active tokens (2):
  SOL: 0.034864224
  USDT: 0.220873
INFO:     127.0.0.1:63248 - "GET /api/wallet/bot-wallet-live HTTP/1.1" 200 OK
🔄 Fetching balance for user wallet: 2VyHQNXD62CqjHGbNkG8CZ1iVP9GRvcmss3gJDNQ1LVJ
✅ Loaded bot wallet from DB: B5CFkECN9FpVrQiYF5X2du3PoRSUtVBEYLV6AFg6uZBw
🤖 Using bot wallet: B5CFkECN9FpVrQiYF5X2du3PoRSUtVBEYLV6AFg6uZBw
🔄 Fetching ALL live token balances...
✅ User balance fetched: 0.008279885 SOL
INFO:     127.0.0.1:63390 - "GET /api/wallet/balance/2VyHQNXD62CqjHGbNkG8CZ1iVP9GRvcmss3gJDNQ1LVJ HTTP/1.1" 200 OK
💰 Found 3 tokens on blockchain
✅ Updated tokens for B5CFkECN9FpVrQiYF5X2du3PoRSUtVBEYLV6AFg6uZBw: 3 tokens
📊 Active tokens (2):
  SOL: 0.034864224
  USDT: 0.220873
INFO:     127.0.0.1:63391 - "GET /api/wallet/bot-wallet-live HTTP/1.1" 200 OK
INFO:     127.0.0.1:63426 - "OPTIONS /api/wallet/trade HTTP/1.1" 200 OK
💱 Trade request: 0.22 USDT -> SOL
✅ Loaded bot wallet from DB: B5CFkECN9FpVrQiYF5X2du3PoRSUtVBEYLV6AFg6uZBw
🤖 Using bot wallet: B5CFkECN9FpVrQiYF5X2du3PoRSUtVBEYLV6AFg6uZBw
💱 Quote: 0.22 USDT -> 0.001089808 SOL
🤖 Bot wallet executing Jupiter swap autonomously...
🤖 Bot wallet address: B5CFkECN9FpVrQiYF5X2du3PoRSUtVBEYLV6AFg6uZBw
🔄 Creating Jupiter swap transaction...
✅ Jupiter transaction created successfully
🔐 Signing transaction with bot wallet private key...
✅ Transaction sent successfully via https://api.mainnet-beta.solana.com: 2KNzc8u3vLhXkV9kW1CiLRMYuzrqmTMkKXaWWH5dyB4xGNpgaPJNkoMvyxHuE2aCMUyZBbe1gsAS8zsbbPiaR3pk
✅ Transaction signed and sent: 2KNzc8u3vLhXkV9kW1CiLRMYuzrqmTMkKXaWWH5dyB4xGNpgaPJNkoMvyxHuE2aCMUyZBbe1gsAS8zsbbPiaR3pk
✅ Trade completed: 2KNzc8u3vLhXkV9kW1CiLRMYuzrqmTMkKXaWWH5dyB4xGNpgaPJNkoMvyxHuE2aCMUyZBbe1gsAS8zsbbPiaR3pk
2025-09-27 12:36:04,203 INFO sqlalchemy.engine.Engine BEGIN (implicit)
2025-09-27 12:36:04,206 INFO sqlalchemy.engine.Engine 
                                INSERT INTO trades (
                                    trade_id, token_symbol, action, price, profit_loss, status,
                                    wallet_address, input_token, output_token, input_amount, output_amount,
                                    trade_action, signature, fee_sol
                                )
                                VALUES (
                                    $1, $2, 'swap', $3, 0, 'completed',
                                    $4, $5, $6, $7, $8,
                                    'manual_swap', $9, 0.000105
                                )
                            
2025-09-27 12:36:04,206 INFO sqlalchemy.engine.Engine [generated in 0.00016s] ('trade_1758972964', 'USDT/SOL', 0.004953672727272727, 'B5CFkECN9FpVrQiYF5X2du3PoRSUtVBEYLV6AFg6uZBw', 'USDT', 'SOL', 0.22, 0.001089808, '2KNzc8u3vLhXkV9kW1CiLRMYuzrqmTMkKXaWWH5dyB4xGNpgaPJNkoMvyxHuE2aCMUyZBbe1gsAS8zsbbPiaR3pk')
2025-09-27 12:36:04,211 INFO sqlalchemy.engine.Engine COMMIT
💾 Trade saved to database: trade_1758972964
✅ Updated tokens for B5CFkECN9FpVrQiYF5X2du3PoRSUtVBEYLV6AFg6uZBw: 3 tokens
INFO:     127.0.0.1:63426 - "POST /api/wallet/trade HTTP/1.1" 200 OK
✅ Loaded bot wallet from DB: B5CFkECN9FpVrQiYF5X2du3PoRSUtVBEYLV6AFg6uZBw
🤖 Using bot wallet: B5CFkECN9FpVrQiYF5X2du3PoRSUtVBEYLV6AFg6uZBw
🔄 Fetching ALL live token balances...
💰 Found 1 tokens on blockchain
✅ Updated tokens for B5CFkECN9FpVrQiYF5X2du3PoRSUtVBEYLV6AFg6uZBw: 1 tokens
📊 Active tokens (1):
  SOL: 0.034864224
INFO:     127.0.0.1:63426 - "GET /api/wallet/bot-wallet-live HTTP/1.1" 200 OK
2025-09-27 12:36:05,762 INFO sqlalchemy.engine.Engine BEGIN (implicit)
2025-09-27 12:36:05,762 INFO sqlalchemy.engine.Engine 
                SELECT trade_id, token_symbol, action, price, profit_loss, status,
                       wallet_address, input_token, output_token, input_amount, output_amount,
                       trade_action, signature, fee_sol, timestamp, created_at
                FROM trades
                ORDER BY created_at DESC
                LIMIT $1
            
2025-09-27 12:36:05,763 INFO sqlalchemy.engine.Engine [cached since 68.64s ago] (5,)
2025-09-27 12:36:05,764 INFO sqlalchemy.engine.Engine ROLLBACK
INFO:     127.0.0.1:63426 - "GET /api/wallet/trades?limit=5 HTTP/1.1" 200 OK
🔄 Fetching balance for user wallet: 2VyHQNXD62CqjHGbNkG8CZ1iVP9GRvcmss3gJDNQ1LVJ
✅ Loaded bot wallet from DB: B5CFkECN9FpVrQiYF5X2du3PoRSUtVBEYLV6AFg6uZBw
🤖 Using bot wallet: B5CFkECN9FpVrQiYF5X2du3PoRSUtVBEYLV6AFg6uZBw
🔄 Fetching ALL live token balances...
✅ User balance fetched: 0.008279885 SOL
INFO:     127.0.0.1:63548 - "GET /api/wallet/balance/2VyHQNXD62CqjHGbNkG8CZ1iVP9GRvcmss3gJDNQ1LVJ HTTP/1.1" 200 OK
💰 Found 3 tokens on blockchain
✅ Updated tokens for B5CFkECN9FpVrQiYF5X2du3PoRSUtVBEYLV6AFg6uZBw: 3 tokens
📊 Active tokens (2):
  SOL: 0.035849048
  USDT: 0.000873
INFO:     127.0.0.1:63550 - "GET /api/wallet/bot-wallet-live HTTP/1.1" 200 OK
🔄 Fetching balance for user wallet: 2VyHQNXD62CqjHGbNkG8CZ1iVP9GRvcmss3gJDNQ1LVJ
✅ Loaded bot wallet from DB: B5CFkECN9FpVrQiYF5X2du3PoRSUtVBEYLV6AFg6uZBw
🤖 Using bot wallet: B5CFkECN9FpVrQiYF5X2du3PoRSUtVBEYLV6AFg6uZBw
🔄 Fetching ALL live token balances...
✅ User balance fetched: 0.008279885 SOL
INFO:     127.0.0.1:63683 - "GET /api/wallet/balance/2VyHQNXD62CqjHGbNkG8CZ1iVP9GRvcmss3gJDNQ1LVJ HTTP/1.1" 200 OK
💰 Found 3 tokens on blockchain
✅ Updated tokens for B5CFkECN9FpVrQiYF5X2du3PoRSUtVBEYLV6AFg6uZBw: 3 tokens
📊 Active tokens (2):
  SOL: 0.035849048
  USDT: 0.000873
INFO:     127.0.0.1:63685 - "GET /api/wallet/bot-wallet-live HTTP/1.1" 200 OK
🔄 Fetching balance for user wallet: 2VyHQNXD62CqjHGbNkG8CZ1iVP9GRvcmss3gJDNQ1LVJ
2025-09-27 12:37:07,607 INFO sqlalchemy.engine.Engine BEGIN (implicit)
2025-09-27 12:37:07,608 INFO sqlalchemy.engine.Engine 
                SELECT trade_id, token_symbol, action, price, profit_loss, status,
                       wallet_address, input_token, output_token, input_amount, output_amount,
                       trade_action, signature, fee_sol, timestamp, created_at
                FROM trades
                ORDER BY created_at DESC
                LIMIT $1
            
2025-09-27 12:37:07,608 INFO sqlalchemy.engine.Engine [cached since 130.5s ago] (5,)
2025-09-27 12:37:07,609 INFO sqlalchemy.engine.Engine ROLLBACK
INFO:     127.0.0.1:63751 - "GET /api/wallet/trades?limit=5 HTTP/1.1" 200 OK
✅ Loaded bot wallet from DB: B5CFkECN9FpVrQiYF5X2du3PoRSUtVBEYLV6AFg6uZBw
🤖 Using bot wallet: B5CFkECN9FpVrQiYF5X2du3PoRSUtVBEYLV6AFg6uZBw
🔄 Fetching ALL live token balances...
✅ User balance fetched: 0.008279885 SOL
INFO:     127.0.0.1:63747 - "GET /api/wallet/balance/2VyHQNXD62CqjHGbNkG8CZ1iVP9GRvcmss3gJDNQ1LVJ HTTP/1.1" 200 OK
💰 Found 3 tokens on blockchain
✅ Updated tokens for B5CFkECN9FpVrQiYF5X2du3PoRSUtVBEYLV6AFg6uZBw: 3 tokens
📊 Active tokens (2):
  SOL: 0.035849048
  USDT: 0.000873
INFO:     127.0.0.1:63749 - "GET /api/wallet/bot-wallet-live HTTP/1.1" 200 OK
🔄 Fetching balance for user wallet: 2VyHQNXD62CqjHGbNkG8CZ1iVP9GRvcmss3gJDNQ1LVJ
2025-09-27 12:37:18,263 INFO sqlalchemy.engine.Engine BEGIN (implicit)
2025-09-27 12:37:18,264 INFO sqlalchemy.engine.Engine 
                SELECT trade_id, token_symbol, action, price, profit_loss, status,
                       wallet_address, input_token, output_token, input_amount, output_amount,
                       trade_action, signature, fee_sol, timestamp, created_at
                FROM trades
                ORDER BY created_at DESC
                LIMIT $1
            
2025-09-27 12:37:18,264 INFO sqlalchemy.engine.Engine [cached since 141.1s ago] (5,)
2025-09-27 12:37:18,265 INFO sqlalchemy.engine.Engine ROLLBACK
INFO:     127.0.0.1:63810 - "GET /api/wallet/trades?limit=5 HTTP/1.1" 200 OK
✅ Loaded bot wallet from DB: B5CFkECN9FpVrQiYF5X2du3PoRSUtVBEYLV6AFg6uZBw
🤖 Using bot wallet: B5CFkECN9FpVrQiYF5X2du3PoRSUtVBEYLV6AFg6uZBw
🔄 Fetching ALL live token balances...
✅ User balance fetched: 0.008279885 SOL
INFO:     127.0.0.1:63806 - "GET /api/wallet/balance/2VyHQNXD62CqjHGbNkG8CZ1iVP9GRvcmss3gJDNQ1LVJ HTTP/1.1" 200 OK
💰 Found 3 tokens on blockchain
✅ Updated tokens for B5CFkECN9FpVrQiYF5X2du3PoRSUtVBEYLV6AFg6uZBw: 3 tokens
📊 Active tokens (2):
  SOL: 0.035849048
  USDT: 0.000873
INFO:     127.0.0.1:63808 - "GET /api/wallet/bot-wallet-live HTTP/1.1" 200 OK
🔄 Fetching balance for user wallet: 2VyHQNXD62CqjHGbNkG8CZ1iVP9GRvcmss3gJDNQ1LVJ
2025-09-27 12:37:26,887 INFO sqlalchemy.engine.Engine BEGIN (implicit)
2025-09-27 12:37:26,887 INFO sqlalchemy.engine.Engine 
                SELECT trade_id, token_symbol, action, price, profit_loss, status,
                       wallet_address, input_token, output_token, input_amount, output_amount,
                       trade_action, signature, fee_sol, timestamp, created_at
                FROM trades
                ORDER BY created_at DESC
                LIMIT $1
            
2025-09-27 12:37:26,887 INFO sqlalchemy.engine.Engine [cached since 149.8s ago] (5,)
2025-09-27 12:37:26,888 INFO sqlalchemy.engine.Engine ROLLBACK
INFO:     127.0.0.1:63863 - "GET /api/wallet/trades?limit=5 HTTP/1.1" 200 OK
✅ Loaded bot wallet from DB: B5CFkECN9FpVrQiYF5X2du3PoRSUtVBEYLV6AFg6uZBw
🤖 Using bot wallet: B5CFkECN9FpVrQiYF5X2du3PoRSUtVBEYLV6AFg6uZBw
🔄 Fetching ALL live token balances...
✅ User balance fetched: 0.008279885 SOL
INFO:     127.0.0.1:63859 - "GET /api/wallet/balance/2VyHQNXD62CqjHGbNkG8CZ1iVP9GRvcmss3gJDNQ1LVJ HTTP/1.1" 200 OK
💰 Found 3 tokens on blockchain
✅ Updated tokens for B5CFkECN9FpVrQiYF5X2du3PoRSUtVBEYLV6AFg6uZBw: 3 tokens
📊 Active tokens (2):
  SOL: 0.035849048
  USDT: 0.000873
INFO:     127.0.0.1:63862 - "GET /api/wallet/bot-wallet-live HTTP/1.1" 200 OK
🔄 Fetching balance for user wallet: 2VyHQNXD62CqjHGbNkG8CZ1iVP9GRvcmss3gJDNQ1LVJ
2025-09-27 12:37:41,677 INFO sqlalchemy.engine.Engine BEGIN (implicit)
2025-09-27 12:37:41,677 INFO sqlalchemy.engine.Engine 
                SELECT trade_id, token_symbol, action, price, profit_loss, status,
                       wallet_address, input_token, output_token, input_amount, output_amount,
                       trade_action, signature, fee_sol, timestamp, created_at
                FROM trades
                ORDER BY created_at DESC
                LIMIT $1
            
2025-09-27 12:37:41,677 INFO sqlalchemy.engine.Engine [cached since 164.6s ago] (5,)
2025-09-27 12:37:41,679 INFO sqlalchemy.engine.Engine ROLLBACK
INFO:     127.0.0.1:63948 - "GET /api/wallet/trades?limit=5 HTTP/1.1" 200 OK
✅ Loaded bot wallet from DB: B5CFkECN9FpVrQiYF5X2du3PoRSUtVBEYLV6AFg6uZBw
🤖 Using bot wallet: B5CFkECN9FpVrQiYF5X2du3PoRSUtVBEYLV6AFg6uZBw
🔄 Fetching ALL live token balances...
✅ User balance fetched: 0.008279885 SOL
INFO:     127.0.0.1:63944 - "GET /api/wallet/balance/2VyHQNXD62CqjHGbNkG8CZ1iVP9GRvcmss3gJDNQ1LVJ HTTP/1.1" 200 OK
💰 Found 3 tokens on blockchain
✅ Updated tokens for B5CFkECN9FpVrQiYF5X2du3PoRSUtVBEYLV6AFg6uZBw: 3 tokens
📊 Active tokens (2):
  SOL: 0.035849048
  USDT: 0.000873
INFO:     127.0.0.1:63946 - "GET /api/wallet/bot-wallet-live HTTP/1.1" 200 OK
🔄 Fetching balance for user wallet: 2VyHQNXD62CqjHGbNkG8CZ1iVP9GRvcmss3gJDNQ1LVJ
2025-09-27 12:38:00,389 INFO sqlalchemy.engine.Engine BEGIN (implicit)
2025-09-27 12:38:00,389 INFO sqlalchemy.engine.Engine 
                SELECT trade_id, token_symbol, action, price, profit_loss, status,
                       wallet_address, input_token, output_token, input_amount, output_amount,
                       trade_action, signature, fee_sol, timestamp, created_at
                FROM trades
                ORDER BY created_at DESC
                LIMIT $1
            
2025-09-27 12:38:00,390 INFO sqlalchemy.engine.Engine [cached since 183.3s ago] (5,)
2025-09-27 12:38:00,392 INFO sqlalchemy.engine.Engine ROLLBACK
INFO:     127.0.0.1:64045 - "GET /api/wallet/trades?limit=5 HTTP/1.1" 200 OK
✅ Loaded bot wallet from DB: B5CFkECN9FpVrQiYF5X2du3PoRSUtVBEYLV6AFg6uZBw
🤖 Using bot wallet: B5CFkECN9FpVrQiYF5X2du3PoRSUtVBEYLV6AFg6uZBw
🔄 Fetching ALL live token balances...
✅ User balance fetched: 0.008279885 SOL
INFO:     127.0.0.1:64041 - "GET /api/wallet/balance/2VyHQNXD62CqjHGbNkG8CZ1iVP9GRvcmss3gJDNQ1LVJ HTTP/1.1" 200 OK
💰 Found 3 tokens on blockchain
✅ Updated tokens for B5CFkECN9FpVrQiYF5X2du3PoRSUtVBEYLV6AFg6uZBw: 3 tokens
📊 Active tokens (2):
  SOL: 0.035849048
  USDT: 0.000873
🔄 Fetching balance for user wallet: 2VyHQNXD62CqjHGbNkG8CZ1iVP9GRvcmss3gJDNQ1LVJ
2025-09-27 12:38:00,965 INFO sqlalchemy.engine.Engine BEGIN (implicit)
2025-09-27 12:38:00,965 INFO sqlalchemy.engine.Engine 
                SELECT trade_id, token_symbol, action, price, profit_loss, status,
                       wallet_address, input_token, output_token, input_amount, output_amount,
                       trade_action, signature, fee_sol, timestamp, created_at
                FROM trades
                ORDER BY created_at DESC
                LIMIT $1
            
2025-09-27 12:38:00,965 INFO sqlalchemy.engine.Engine [cached since 183.8s ago] (5,)
2025-09-27 12:38:00,966 INFO sqlalchemy.engine.Engine ROLLBACK
INFO:     127.0.0.1:64061 - "GET /api/wallet/trades?limit=5 HTTP/1.1" 200 OK
✅ Loaded bot wallet from DB: B5CFkECN9FpVrQiYF5X2du3PoRSUtVBEYLV6AFg6uZBw
🤖 Using bot wallet: B5CFkECN9FpVrQiYF5X2du3PoRSUtVBEYLV6AFg6uZBw
🔄 Fetching ALL live token balances...
✅ User balance fetched: 0.008279885 SOL
INFO:     127.0.0.1:64041 - "GET /api/wallet/balance/2VyHQNXD62CqjHGbNkG8CZ1iVP9GRvcmss3gJDNQ1LVJ HTTP/1.1" 200 OK
💰 Found 3 tokens on blockchain
✅ Updated tokens for B5CFkECN9FpVrQiYF5X2du3PoRSUtVBEYLV6AFg6uZBw: 3 tokens
📊 Active tokens (2):
  SOL: 0.035849048
  USDT: 0.000873
INFO:     127.0.0.1:64045 - "GET /api/wallet/bot-wallet-live HTTP/1.1" 200 OK
🔄 Fetching balance for user wallet: 2VyHQNXD62CqjHGbNkG8CZ1iVP9GRvcmss3gJDNQ1LVJ
✅ Loaded bot wallet from DB: B5CFkECN9FpVrQiYF5X2du3PoRSUtVBEYLV6AFg6uZBw
🤖 Using bot wallet: B5CFkECN9FpVrQiYF5X2du3PoRSUtVBEYLV6AFg6uZBw
🔄 Fetching ALL live token balances...
✅ User balance fetched: 0.008279885 SOL
INFO:     127.0.0.1:64206 - "GET /api/wallet/balance/2VyHQNXD62CqjHGbNkG8CZ1iVP9GRvcmss3gJDNQ1LVJ HTTP/1.1" 200 OK
💰 Found 3 tokens on blockchain
✅ Updated tokens for B5CFkECN9FpVrQiYF5X2du3PoRSUtVBEYLV6AFg6uZBw: 3 tokens
📊 Active tokens (2):
  SOL: 0.035849048
  USDT: 0.000873
INFO:     127.0.0.1:64208 - "GET /api/wallet/bot-wallet-live HTTP/1.1" 200 OK
🔄 Fetching balance for user wallet: 2VyHQNXD62CqjHGbNkG8CZ1iVP9GRvcmss3gJDNQ1LVJ
2025-09-27 12:38:39,882 INFO sqlalchemy.engine.Engine BEGIN (implicit)
2025-09-27 12:38:39,882 INFO sqlalchemy.engine.Engine 
                SELECT trade_id, token_symbol, action, price, profit_loss, status,
                       wallet_address, input_token, output_token, input_amount, output_amount,
                       trade_action, signature, fee_sol, timestamp, created_at
                FROM trades
                ORDER BY created_at DESC
                LIMIT $1
            
2025-09-27 12:38:39,882 INFO sqlalchemy.engine.Engine [cached since 222.8s ago] (5,)
2025-09-27 12:38:39,884 INFO sqlalchemy.engine.Engine ROLLBACK
INFO:     127.0.0.1:64255 - "GET /api/wallet/trades?limit=5 HTTP/1.1" 200 OK
✅ Loaded bot wallet from DB: B5CFkECN9FpVrQiYF5X2du3PoRSUtVBEYLV6AFg6uZBw
🤖 Using bot wallet: B5CFkECN9FpVrQiYF5X2du3PoRSUtVBEYLV6AFg6uZBw
🔄 Fetching ALL live token balances...
✅ User balance fetched: 0.008279885 SOL
INFO:     127.0.0.1:64251 - "GET /api/wallet/balance/2VyHQNXD62CqjHGbNkG8CZ1iVP9GRvcmss3gJDNQ1LVJ HTTP/1.1" 200 OK
💰 Found 3 tokens on blockchain
✅ Updated tokens for B5CFkECN9FpVrQiYF5X2du3PoRSUtVBEYLV6AFg6uZBw: 3 tokens
📊 Active tokens (2):
  SOL: 0.035849048
  USDT: 0.000873
INFO:     127.0.0.1:64253 - "GET /api/wallet/bot-wallet-live HTTP/1.1" 200 OK
🔄 Fetching balance for user wallet: 2VyHQNXD62CqjHGbNkG8CZ1iVP9GRvcmss3gJDNQ1LVJ
2025-09-27 12:38:43,521 INFO sqlalchemy.engine.Engine BEGIN (implicit)
2025-09-27 12:38:43,522 INFO sqlalchemy.engine.Engine 
                SELECT trade_id, token_symbol, action, price, profit_loss, status,
                       wallet_address, input_token, output_token, input_amount, output_amount,
                       trade_action, signature, fee_sol, timestamp, created_at
                FROM trades
                ORDER BY created_at DESC
                LIMIT $1
            
2025-09-27 12:38:43,522 INFO sqlalchemy.engine.Engine [cached since 226.4s ago] (5,)
2025-09-27 12:38:43,523 INFO sqlalchemy.engine.Engine ROLLBACK
INFO:     127.0.0.1:64255 - "GET /api/wallet/trades?limit=5 HTTP/1.1" 200 OK
✅ Loaded bot wallet from DB: B5CFkECN9FpVrQiYF5X2du3PoRSUtVBEYLV6AFg6uZBw
🤖 Using bot wallet: B5CFkECN9FpVrQiYF5X2du3PoRSUtVBEYLV6AFg6uZBw
🔄 Fetching ALL live token balances...
✅ User balance fetched: 0.008279885 SOL
INFO:     127.0.0.1:64253 - "GET /api/wallet/balance/2VyHQNXD62CqjHGbNkG8CZ1iVP9GRvcmss3gJDNQ1LVJ HTTP/1.1" 200 OK
💰 Found 3 tokens on blockchain
✅ Updated tokens for B5CFkECN9FpVrQiYF5X2du3PoRSUtVBEYLV6AFg6uZBw: 3 tokens
📊 Active tokens (2):
  SOL: 0.035849048
  USDT: 0.000873
INFO:     127.0.0.1:64251 - "GET /api/wallet/bot-wallet-live HTTP/1.1" 200 OK
🔄 Fetching balance for user wallet: 2VyHQNXD62CqjHGbNkG8CZ1iVP9GRvcmss3gJDNQ1LVJ
2025-09-27 12:38:45,007 INFO sqlalchemy.engine.Engine BEGIN (implicit)
2025-09-27 12:38:45,007 INFO sqlalchemy.engine.Engine 
                SELECT trade_id, token_symbol, action, price, profit_loss, status,
                       wallet_address, input_token, output_token, input_amount, output_amount,
                       trade_action, signature, fee_sol, timestamp, created_at
                FROM trades
                ORDER BY created_at DESC
                LIMIT $1
            
2025-09-27 12:38:45,007 INFO sqlalchemy.engine.Engine [cached since 227.9s ago] (5,)
2025-09-27 12:38:45,008 INFO sqlalchemy.engine.Engine ROLLBACK
INFO:     127.0.0.1:64255 - "GET /api/wallet/trades?limit=5 HTTP/1.1" 200 OK
✅ Loaded bot wallet from DB: B5CFkECN9FpVrQiYF5X2du3PoRSUtVBEYLV6AFg6uZBw
🤖 Using bot wallet: B5CFkECN9FpVrQiYF5X2du3PoRSUtVBEYLV6AFg6uZBw
🔄 Fetching ALL live token balances...
✅ User balance fetched: 0.008279885 SOL
INFO:     127.0.0.1:64251 - "GET /api/wallet/balance/2VyHQNXD62CqjHGbNkG8CZ1iVP9GRvcmss3gJDNQ1LVJ HTTP/1.1" 200 OK
💰 Found 1 tokens on blockchain
✅ Updated tokens for B5CFkECN9FpVrQiYF5X2du3PoRSUtVBEYLV6AFg6uZBw: 1 tokens
📊 Active tokens (1):
  SOL: 0.035849048
INFO:     127.0.0.1:64253 - "GET /api/wallet/bot-wallet-live HTTP/1.1" 200 OK
🔄 Fetching balance for user wallet: 2VyHQNXD62CqjHGbNkG8CZ1iVP9GRvcmss3gJDNQ1LVJ
2025-09-27 12:39:11,271 INFO sqlalchemy.engine.Engine BEGIN (implicit)
2025-09-27 12:39:11,271 INFO sqlalchemy.engine.Engine 
                SELECT trade_id, token_symbol, action, price, profit_loss, status,
                       wallet_address, input_token, output_token, input_amount, output_amount,
                       trade_action, signature, fee_sol, timestamp, created_at
                FROM trades
                ORDER BY created_at DESC
                LIMIT $1
            
2025-09-27 12:39:11,271 INFO sqlalchemy.engine.Engine [cached since 254.2s ago] (5,)
2025-09-27 12:39:11,272 INFO sqlalchemy.engine.Engine ROLLBACK
INFO:     127.0.0.1:64444 - "GET /api/wallet/trades?limit=5 HTTP/1.1" 200 OK
✅ Loaded bot wallet from DB: B5CFkECN9FpVrQiYF5X2du3PoRSUtVBEYLV6AFg6uZBw
🤖 Using bot wallet: B5CFkECN9FpVrQiYF5X2du3PoRSUtVBEYLV6AFg6uZBw
🔄 Fetching ALL live token balances...
✅ User balance fetched: 0.008279885 SOL
INFO:     127.0.0.1:64440 - "GET /api/wallet/balance/2VyHQNXD62CqjHGbNkG8CZ1iVP9GRvcmss3gJDNQ1LVJ HTTP/1.1" 200 OK
💰 Found 3 tokens on blockchain
✅ Updated tokens for B5CFkECN9FpVrQiYF5X2du3PoRSUtVBEYLV6AFg6uZBw: 3 tokens
📊 Active tokens (2):
  SOL: 0.035849048
  USDT: 0.000873
INFO:     127.0.0.1:64442 - "GET /api/wallet/bot-wallet-live HTTP/1.1" 200 OK
🔄 Fetching balance for user wallet: 2VyHQNXD62CqjHGbNkG8CZ1iVP9GRvcmss3gJDNQ1LVJ
2025-09-27 12:39:13,668 INFO sqlalchemy.engine.Engine BEGIN (implicit)
2025-09-27 12:39:13,668 INFO sqlalchemy.engine.Engine 
                SELECT trade_id, token_symbol, action, price, profit_loss, status,
                       wallet_address, input_token, output_token, input_amount, output_amount,
                       trade_action, signature, fee_sol, timestamp, created_at
                FROM trades
                ORDER BY created_at DESC
                LIMIT $1
            
2025-09-27 12:39:13,668 INFO sqlalchemy.engine.Engine [cached since 256.5s ago] (5,)
2025-09-27 12:39:13,669 INFO sqlalchemy.engine.Engine ROLLBACK
INFO:     127.0.0.1:64444 - "GET /api/wallet/trades?limit=5 HTTP/1.1" 200 OK
✅ Loaded bot wallet from DB: B5CFkECN9FpVrQiYF5X2du3PoRSUtVBEYLV6AFg6uZBw
🤖 Using bot wallet: B5CFkECN9FpVrQiYF5X2du3PoRSUtVBEYLV6AFg6uZBw
🔄 Fetching ALL live token balances...
✅ User balance fetched: 0.008279885 SOL
INFO:     127.0.0.1:64442 - "GET /api/wallet/balance/2VyHQNXD62CqjHGbNkG8CZ1iVP9GRvcmss3gJDNQ1LVJ HTTP/1.1" 200 OK
💰 Found 3 tokens on blockchain
✅ Updated tokens for B5CFkECN9FpVrQiYF5X2du3PoRSUtVBEYLV6AFg6uZBw: 3 tokens
📊 Active tokens (2):
  SOL: 0.035849048
  USDT: 0.000873
INFO:     127.0.0.1:64440 - "GET /api/wallet/bot-wallet-live HTTP/1.1" 200 OK
🔄 Fetching balance for user wallet: 2VyHQNXD62CqjHGbNkG8CZ1iVP9GRvcmss3gJDNQ1LVJ
2025-09-27 12:39:20,315 INFO sqlalchemy.engine.Engine BEGIN (implicit)
2025-09-27 12:39:20,315 INFO sqlalchemy.engine.Engine 
                SELECT trade_id, token_symbol, action, price, profit_loss, status,
                       wallet_address, input_token, output_token, input_amount, output_amount,
                       trade_action, signature, fee_sol, timestamp, created_at
                FROM trades
                ORDER BY created_at DESC
                LIMIT $1
            
2025-09-27 12:39:20,315 INFO sqlalchemy.engine.Engine [cached since 263.2s ago] (5,)
2025-09-27 12:39:20,318 INFO sqlalchemy.engine.Engine ROLLBACK
INFO:     127.0.0.1:64511 - "GET /api/wallet/trades?limit=5 HTTP/1.1" 200 OK
✅ Loaded bot wallet from DB: B5CFkECN9FpVrQiYF5X2du3PoRSUtVBEYLV6AFg6uZBw
🤖 Using bot wallet: B5CFkECN9FpVrQiYF5X2du3PoRSUtVBEYLV6AFg6uZBw
🔄 Fetching ALL live token balances...
✅ User balance fetched: 0.008279885 SOL
INFO:     127.0.0.1:64507 - "GET /api/wallet/balance/2VyHQNXD62CqjHGbNkG8CZ1iVP9GRvcmss3gJDNQ1LVJ HTTP/1.1" 200 OK
💰 Found 1 tokens on blockchain
✅ Updated tokens for B5CFkECN9FpVrQiYF5X2du3PoRSUtVBEYLV6AFg6uZBw: 1 tokens
📊 Active tokens (1):
  SOL: 0.035849048
INFO:     127.0.0.1:64509 - "GET /api/wallet/bot-wallet-live HTTP/1.1" 200 OK
🔄 Fetching balance for user wallet: 2VyHQNXD62CqjHGbNkG8CZ1iVP9GRvcmss3gJDNQ1LVJ
2025-09-27 12:39:20,514 INFO sqlalchemy.engine.Engine BEGIN (implicit)
2025-09-27 12:39:20,514 INFO sqlalchemy.engine.Engine 
                SELECT trade_id, token_symbol, action, price, profit_loss, status,
                       wallet_address, input_token, output_token, input_amount, output_amount,
                       trade_action, signature, fee_sol, timestamp, created_at
                FROM trades
                ORDER BY created_at DESC
                LIMIT $1
            
2025-09-27 12:39:20,514 INFO sqlalchemy.engine.Engine [cached since 263.4s ago] (5,)
2025-09-27 12:39:20,515 INFO sqlalchemy.engine.Engine ROLLBACK
INFO:     127.0.0.1:64511 - "GET /api/wallet/trades?limit=5 HTTP/1.1" 200 OK
✅ Loaded bot wallet from DB: B5CFkECN9FpVrQiYF5X2du3PoRSUtVBEYLV6AFg6uZBw
🤖 Using bot wallet: B5CFkECN9FpVrQiYF5X2du3PoRSUtVBEYLV6AFg6uZBw
🔄 Fetching ALL live token balances...
✅ User balance fetched: 0.008279885 SOL
INFO:     127.0.0.1:64509 - "GET /api/wallet/balance/2VyHQNXD62CqjHGbNkG8CZ1iVP9GRvcmss3gJDNQ1LVJ HTTP/1.1" 200 OK
💰 Found 1 tokens on blockchain
✅ Updated tokens for B5CFkECN9FpVrQiYF5X2du3PoRSUtVBEYLV6AFg6uZBw: 1 tokens
📊 Active tokens (1):
  SOL: 0.035849048
INFO:     127.0.0.1:64507 - "GET /api/wallet/bot-wallet-live HTTP/1.1" 200 OK
🔄 Fetching balance for user wallet: 2VyHQNXD62CqjHGbNkG8CZ1iVP9GRvcmss3gJDNQ1LVJ
2025-09-27 12:39:31,804 INFO sqlalchemy.engine.Engine BEGIN (implicit)
2025-09-27 12:39:31,804 INFO sqlalchemy.engine.Engine 
                SELECT trade_id, token_symbol, action, price, profit_loss, status,
                       wallet_address, input_token, output_token, input_amount, output_amount,
                       trade_action, signature, fee_sol, timestamp, created_at
                FROM trades
                ORDER BY created_at DESC
                LIMIT $1
            
2025-09-27 12:39:31,804 INFO sqlalchemy.engine.Engine [cached since 274.7s ago] (5,)
2025-09-27 12:39:31,805 INFO sqlalchemy.engine.Engine ROLLBACK
INFO:     127.0.0.1:64575 - "GET /api/wallet/trades?limit=5 HTTP/1.1" 200 OK
✅ Loaded bot wallet from DB: B5CFkECN9FpVrQiYF5X2du3PoRSUtVBEYLV6AFg6uZBw
🤖 Using bot wallet: B5CFkECN9FpVrQiYF5X2du3PoRSUtVBEYLV6AFg6uZBw
🔄 Fetching ALL live token balances...
✅ User balance fetched: 0.008279885 SOL
INFO:     127.0.0.1:64571 - "GET /api/wallet/balance/2VyHQNXD62CqjHGbNkG8CZ1iVP9GRvcmss3gJDNQ1LVJ HTTP/1.1" 200 OK
💰 Found 3 tokens on blockchain
✅ Updated tokens for B5CFkECN9FpVrQiYF5X2du3PoRSUtVBEYLV6AFg6uZBw: 3 tokens
📊 Active tokens (2):
  SOL: 0.035849048
  USDT: 0.000873
INFO:     127.0.0.1:64573 - "GET /api/wallet/bot-wallet-live HTTP/1.1" 200 OK
🔄 Fetching balance for user wallet: 2VyHQNXD62CqjHGbNkG8CZ1iVP9GRvcmss3gJDNQ1LVJ
2025-09-27 12:39:38,543 INFO sqlalchemy.engine.Engine BEGIN (implicit)
2025-09-27 12:39:38,543 INFO sqlalchemy.engine.Engine 
                SELECT trade_id, token_symbol, action, price, profit_loss, status,
                       wallet_address, input_token, output_token, input_amount, output_amount,
                       trade_action, signature, fee_sol, timestamp, created_at
                FROM trades
                ORDER BY created_at DESC
                LIMIT $1
            
2025-09-27 12:39:38,543 INFO sqlalchemy.engine.Engine [cached since 281.4s ago] (5,)
2025-09-27 12:39:38,544 INFO sqlalchemy.engine.Engine ROLLBACK
INFO:     127.0.0.1:64620 - "GET /api/wallet/trades?limit=5 HTTP/1.1" 200 OK
✅ Loaded bot wallet from DB: B5CFkECN9FpVrQiYF5X2du3PoRSUtVBEYLV6AFg6uZBw
🤖 Using bot wallet: B5CFkECN9FpVrQiYF5X2du3PoRSUtVBEYLV6AFg6uZBw
🔄 Fetching ALL live token balances...
✅ User balance fetched: 0.008279885 SOL
INFO:     127.0.0.1:64616 - "GET /api/wallet/balance/2VyHQNXD62CqjHGbNkG8CZ1iVP9GRvcmss3gJDNQ1LVJ HTTP/1.1" 200 OK
💰 Found 3 tokens on blockchain
✅ Updated tokens for B5CFkECN9FpVrQiYF5X2du3PoRSUtVBEYLV6AFg6uZBw: 3 tokens
📊 Active tokens (2):
  SOL: 0.035849048
  USDT: 0.000873
INFO:     127.0.0.1:64618 - "GET /api/wallet/bot-wallet-live HTTP/1.1" 200 OK
🔄 Fetching balance for user wallet: 2VyHQNXD62CqjHGbNkG8CZ1iVP9GRvcmss3gJDNQ1LVJ
2025-09-27 12:39:48,352 INFO sqlalchemy.engine.Engine BEGIN (implicit)
2025-09-27 12:39:48,352 INFO sqlalchemy.engine.Engine 
                SELECT trade_id, token_symbol, action, price, profit_loss, status,
                       wallet_address, input_token, output_token, input_amount, output_amount,
                       trade_action, signature, fee_sol, timestamp, created_at
                FROM trades
                ORDER BY created_at DESC
                LIMIT $1
            
2025-09-27 12:39:48,352 INFO sqlalchemy.engine.Engine [cached since 291.2s ago] (5,)
2025-09-27 12:39:48,353 INFO sqlalchemy.engine.Engine ROLLBACK
INFO:     127.0.0.1:64681 - "GET /api/wallet/trades?limit=5 HTTP/1.1" 200 OK
✅ Loaded bot wallet from DB: B5CFkECN9FpVrQiYF5X2du3PoRSUtVBEYLV6AFg6uZBw
🤖 Using bot wallet: B5CFkECN9FpVrQiYF5X2du3PoRSUtVBEYLV6AFg6uZBw
🔄 Fetching ALL live token balances...
✅ User balance fetched: 0.008279885 SOL
INFO:     127.0.0.1:64677 - "GET /api/wallet/balance/2VyHQNXD62CqjHGbNkG8CZ1iVP9GRvcmss3gJDNQ1LVJ HTTP/1.1" 200 OK
💰 Found 3 tokens on blockchain
✅ Updated tokens for B5CFkECN9FpVrQiYF5X2du3PoRSUtVBEYLV6AFg6uZBw: 3 tokens
📊 Active tokens (2):
  SOL: 0.035849048
  USDT: 0.000873
INFO:     127.0.0.1:64679 - "GET /api/wallet/bot-wallet-live HTTP/1.1" 200 OK
🔄 Fetching balance for user wallet: 2VyHQNXD62CqjHGbNkG8CZ1iVP9GRvcmss3gJDNQ1LVJ
2025-09-27 12:40:14,042 INFO sqlalchemy.engine.Engine BEGIN (implicit)
2025-09-27 12:40:14,042 INFO sqlalchemy.engine.Engine 
                SELECT trade_id, token_symbol, action, price, profit_loss, status,
                       wallet_address, input_token, output_token, input_amount, output_amount,
                       trade_action, signature, fee_sol, timestamp, created_at
                FROM trades
                ORDER BY created_at DESC
                LIMIT $1
            
2025-09-27 12:40:14,042 INFO sqlalchemy.engine.Engine [cached since 316.9s ago] (5,)
2025-09-27 12:40:14,043 INFO sqlalchemy.engine.Engine ROLLBACK
INFO:     127.0.0.1:64815 - "GET /api/wallet/trades?limit=5 HTTP/1.1" 200 OK
✅ Loaded bot wallet from DB: B5CFkECN9FpVrQiYF5X2du3PoRSUtVBEYLV6AFg6uZBw
🤖 Using bot wallet: B5CFkECN9FpVrQiYF5X2du3PoRSUtVBEYLV6AFg6uZBw
🔄 Fetching ALL live token balances...
✅ User balance fetched: 0.008279885 SOL
INFO:     127.0.0.1:64811 - "GET /api/wallet/balance/2VyHQNXD62CqjHGbNkG8CZ1iVP9GRvcmss3gJDNQ1LVJ HTTP/1.1" 200 OK
💰 Found 3 tokens on blockchain
✅ Updated tokens for B5CFkECN9FpVrQiYF5X2du3PoRSUtVBEYLV6AFg6uZBw: 3 tokens
📊 Active tokens (2):
  SOL: 0.035849048
  USDT: 0.000873
INFO:     127.0.0.1:64813 - "GET /api/wallet/bot-wallet-live HTTP/1.1" 200 OK
🔄 Fetching balance for user wallet: 2VyHQNXD62CqjHGbNkG8CZ1iVP9GRvcmss3gJDNQ1LVJ
✅ Loaded bot wallet from DB: B5CFkECN9FpVrQiYF5X2du3PoRSUtVBEYLV6AFg6uZBw
🤖 Using bot wallet: B5CFkECN9FpVrQiYF5X2du3PoRSUtVBEYLV6AFg6uZBw
🔄 Fetching ALL live token balances...
✅ User balance fetched: 0.008279885 SOL
INFO:     127.0.0.1:64813 - "GET /api/wallet/balance/2VyHQNXD62CqjHGbNkG8CZ1iVP9GRvcmss3gJDNQ1LVJ HTTP/1.1" 200 OK
💰 Found 3 tokens on blockchain
✅ Updated tokens for B5CFkECN9FpVrQiYF5X2du3PoRSUtVBEYLV6AFg6uZBw: 3 tokens
📊 Active tokens (2):
  SOL: 0.035849048
  USDT: 0.000873
🔄 Fetching balance for user wallet: 2VyHQNXD62CqjHGbNkG8CZ1iVP9GRvcmss3gJDNQ1LVJ
2025-09-27 12:40:18,900 INFO sqlalchemy.engine.Engine BEGIN (implicit)
2025-09-27 12:40:18,900 INFO sqlalchemy.engine.Engine 
                SELECT trade_id, token_symbol, action, price, profit_loss, status,
                       wallet_address, input_token, output_token, input_amount, output_amount,
                       trade_action, signature, fee_sol, timestamp, created_at
                FROM trades
                ORDER BY created_at DESC
                LIMIT $1
            
2025-09-27 12:40:18,900 INFO sqlalchemy.engine.Engine [cached since 321.8s ago] (5,)
2025-09-27 12:40:18,902 INFO sqlalchemy.engine.Engine ROLLBACK
INFO:     127.0.0.1:64859 - "GET /api/wallet/trades?limit=5 HTTP/1.1" 200 OK
✅ Loaded bot wallet from DB: B5CFkECN9FpVrQiYF5X2du3PoRSUtVBEYLV6AFg6uZBw
🤖 Using bot wallet: B5CFkECN9FpVrQiYF5X2du3PoRSUtVBEYLV6AFg6uZBw
🔄 Fetching ALL live token balances...
✅ User balance fetched: 0.008279885 SOL
INFO:     127.0.0.1:64813 - "GET /api/wallet/balance/2VyHQNXD62CqjHGbNkG8CZ1iVP9GRvcmss3gJDNQ1LVJ HTTP/1.1" 200 OK
💰 Found 3 tokens on blockchain
✅ Updated tokens for B5CFkECN9FpVrQiYF5X2du3PoRSUtVBEYLV6AFg6uZBw: 3 tokens
📊 Active tokens (2):
  SOL: 0.035849048
  USDT: 0.000873
INFO:     127.0.0.1:64815 - "GET /api/wallet/bot-wallet-live HTTP/1.1" 200 OK
🔄 Fetching balance for user wallet: 2VyHQNXD62CqjHGbNkG8CZ1iVP9GRvcmss3gJDNQ1LVJ
2025-09-27 12:40:36,272 INFO sqlalchemy.engine.Engine BEGIN (implicit)
2025-09-27 12:40:36,272 INFO sqlalchemy.engine.Engine 
                SELECT trade_id, token_symbol, action, price, profit_loss, status,
                       wallet_address, input_token, output_token, input_amount, output_amount,
                       trade_action, signature, fee_sol, timestamp, created_at
                FROM trades
                ORDER BY created_at DESC
                LIMIT $1
            
2025-09-27 12:40:36,272 INFO sqlalchemy.engine.Engine [cached since 339.2s ago] (5,)
2025-09-27 12:40:36,274 INFO sqlalchemy.engine.Engine ROLLBACK
INFO:     127.0.0.1:64951 - "GET /api/wallet/trades?limit=5 HTTP/1.1" 200 OK
✅ Loaded bot wallet from DB: B5CFkECN9FpVrQiYF5X2du3PoRSUtVBEYLV6AFg6uZBw
🤖 Using bot wallet: B5CFkECN9FpVrQiYF5X2du3PoRSUtVBEYLV6AFg6uZBw
🔄 Fetching ALL live token balances...
✅ User balance fetched: 0.008279885 SOL
INFO:     127.0.0.1:64947 - "GET /api/wallet/balance/2VyHQNXD62CqjHGbNkG8CZ1iVP9GRvcmss3gJDNQ1LVJ HTTP/1.1" 200 OK
💰 Found 3 tokens on blockchain
✅ Updated tokens for B5CFkECN9FpVrQiYF5X2du3PoRSUtVBEYLV6AFg6uZBw: 3 tokens
📊 Active tokens (2):
  SOL: 0.035849048
  USDT: 0.000873
INFO:     127.0.0.1:64949 - "GET /api/wallet/bot-wallet-live HTTP/1.1" 200 OK
🔄 Fetching balance for user wallet: 2VyHQNXD62CqjHGbNkG8CZ1iVP9GRvcmss3gJDNQ1LVJ
✅ Loaded bot wallet from DB: B5CFkECN9FpVrQiYF5X2du3PoRSUtVBEYLV6AFg6uZBw
🤖 Using bot wallet: B5CFkECN9FpVrQiYF5X2du3PoRSUtVBEYLV6AFg6uZBw
🔄 Fetching ALL live token balances...
✅ User balance fetched: 0.008279885 SOL
INFO:     127.0.0.1:65105 - "GET /api/wallet/balance/2VyHQNXD62CqjHGbNkG8CZ1iVP9GRvcmss3gJDNQ1LVJ HTTP/1.1" 200 OK
💰 Found 3 tokens on blockchain
✅ Updated tokens for B5CFkECN9FpVrQiYF5X2du3PoRSUtVBEYLV6AFg6uZBw: 3 tokens
📊 Active tokens (2):
  SOL: 0.035849048
  USDT: 0.000873
INFO:     127.0.0.1:65106 - "GET /api/wallet/bot-wallet-live HTTP/1.1" 200 OK
🔄 Fetching balance for user wallet: 2VyHQNXD62CqjHGbNkG8CZ1iVP9GRvcmss3gJDNQ1LVJ
2025-09-27 12:41:19,217 INFO sqlalchemy.engine.Engine BEGIN (implicit)
2025-09-27 12:41:19,217 INFO sqlalchemy.engine.Engine 
                SELECT trade_id, token_symbol, action, price, profit_loss, status,
                       wallet_address, input_token, output_token, input_amount, output_amount,
                       trade_action, signature, fee_sol, timestamp, created_at
                FROM trades
                ORDER BY created_at DESC
                LIMIT $1
            
2025-09-27 12:41:19,217 INFO sqlalchemy.engine.Engine [cached since 382.1s ago] (5,)
2025-09-27 12:41:19,218 INFO sqlalchemy.engine.Engine ROLLBACK
INFO:     127.0.0.1:65178 - "GET /api/wallet/trades?limit=5 HTTP/1.1" 200 OK
✅ Loaded bot wallet from DB: B5CFkECN9FpVrQiYF5X2du3PoRSUtVBEYLV6AFg6uZBw
🤖 Using bot wallet: B5CFkECN9FpVrQiYF5X2du3PoRSUtVBEYLV6AFg6uZBw
🔄 Fetching ALL live token balances...
✅ User balance fetched: 0.008279885 SOL
INFO:     127.0.0.1:65174 - "GET /api/wallet/balance/2VyHQNXD62CqjHGbNkG8CZ1iVP9GRvcmss3gJDNQ1LVJ HTTP/1.1" 200 OK
💰 Found 3 tokens on blockchain
✅ Updated tokens for B5CFkECN9FpVrQiYF5X2du3PoRSUtVBEYLV6AFg6uZBw: 3 tokens
📊 Active tokens (2):
  SOL: 0.035849048
  USDT: 0.000873
INFO:     127.0.0.1:65177 - "GET /api/wallet/bot-wallet-live HTTP/1.1" 200 OK
🔄 Fetching balance for user wallet: 2VyHQNXD62CqjHGbNkG8CZ1iVP9GRvcmss3gJDNQ1LVJ
2025-09-27 12:41:21,624 INFO sqlalchemy.engine.Engine BEGIN (implicit)
2025-09-27 12:41:21,624 INFO sqlalchemy.engine.Engine 
                SELECT trade_id, token_symbol, action, price, profit_loss, status,
                       wallet_address, input_token, output_token, input_amount, output_amount,
                       trade_action, signature, fee_sol, timestamp, created_at
                FROM trades
                ORDER BY created_at DESC
                LIMIT $1
            
2025-09-27 12:41:21,624 INFO sqlalchemy.engine.Engine [cached since 384.5s ago] (5,)
2025-09-27 12:41:21,626 INFO sqlalchemy.engine.Engine ROLLBACK
INFO:     127.0.0.1:65178 - "GET /api/wallet/trades?limit=5 HTTP/1.1" 200 OK
✅ Loaded bot wallet from DB: B5CFkECN9FpVrQiYF5X2du3PoRSUtVBEYLV6AFg6uZBw
🤖 Using bot wallet: B5CFkECN9FpVrQiYF5X2du3PoRSUtVBEYLV6AFg6uZBw
🔄 Fetching ALL live token balances...
✅ User balance fetched: 0.008279885 SOL
INFO:     127.0.0.1:65177 - "GET /api/wallet/balance/2VyHQNXD62CqjHGbNkG8CZ1iVP9GRvcmss3gJDNQ1LVJ HTTP/1.1" 200 OK
💰 Found 3 tokens on blockchain
✅ Updated tokens for B5CFkECN9FpVrQiYF5X2du3PoRSUtVBEYLV6AFg6uZBw: 3 tokens
📊 Active tokens (2):
  SOL: 0.035849048
  USDT: 0.000873
INFO:     127.0.0.1:65174 - "GET /api/wallet/bot-wallet-live HTTP/1.1" 200 OK
🔄 Fetching balance for user wallet: 2VyHQNXD62CqjHGbNkG8CZ1iVP9GRvcmss3gJDNQ1LVJ
2025-09-27 12:41:30,007 INFO sqlalchemy.engine.Engine BEGIN (implicit)
2025-09-27 12:41:30,007 INFO sqlalchemy.engine.Engine 
                SELECT trade_id, token_symbol, action, price, profit_loss, status,
                       wallet_address, input_token, output_token, input_amount, output_amount,
                       trade_action, signature, fee_sol, timestamp, created_at
                FROM trades
                ORDER BY created_at DESC
                LIMIT $1
            
2025-09-27 12:41:30,007 INFO sqlalchemy.engine.Engine [cached since 392.9s ago] (5,)
2025-09-27 12:41:30,008 INFO sqlalchemy.engine.Engine ROLLBACK
INFO:     127.0.0.1:65249 - "GET /api/wallet/trades?limit=5 HTTP/1.1" 200 OK
✅ Loaded bot wallet from DB: B5CFkECN9FpVrQiYF5X2du3PoRSUtVBEYLV6AFg6uZBw
🤖 Using bot wallet: B5CFkECN9FpVrQiYF5X2du3PoRSUtVBEYLV6AFg6uZBw
🔄 Fetching ALL live token balances...
✅ User balance fetched: 0.008279885 SOL
INFO:     127.0.0.1:65245 - "GET /api/wallet/balance/2VyHQNXD62CqjHGbNkG8CZ1iVP9GRvcmss3gJDNQ1LVJ HTTP/1.1" 200 OK
💰 Found 3 tokens on blockchain
✅ Updated tokens for B5CFkECN9FpVrQiYF5X2du3PoRSUtVBEYLV6AFg6uZBw: 3 tokens
📊 Active tokens (2):
  SOL: 0.035849048
  USDT: 0.000873
INFO:     127.0.0.1:65247 - "GET /api/wallet/bot-wallet-live HTTP/1.1" 200 OK
🔄 Fetching balance for user wallet: 2VyHQNXD62CqjHGbNkG8CZ1iVP9GRvcmss3gJDNQ1LVJ
✅ Loaded bot wallet from DB: B5CFkECN9FpVrQiYF5X2du3PoRSUtVBEYLV6AFg6uZBw
🤖 Using bot wallet: B5CFkECN9FpVrQiYF5X2du3PoRSUtVBEYLV6AFg6uZBw
🔄 Fetching ALL live token balances...
✅ User balance fetched: 0.008279885 SOL
INFO:     127.0.0.1:65395 - "GET /api/wallet/balance/2VyHQNXD62CqjHGbNkG8CZ1iVP9GRvcmss3gJDNQ1LVJ HTTP/1.1" 200 OK
💰 Found 3 tokens on blockchain
✅ Updated tokens for B5CFkECN9FpVrQiYF5X2du3PoRSUtVBEYLV6AFg6uZBw: 3 tokens
📊 Active tokens (2):
  SOL: 0.035849048
  USDT: 0.000873
INFO:     127.0.0.1:65396 - "GET /api/wallet/bot-wallet-live HTTP/1.1" 200 OK
🔄 Fetching balance for user wallet: 2VyHQNXD62CqjHGbNkG8CZ1iVP9GRvcmss3gJDNQ1LVJ
✅ Loaded bot wallet from DB: B5CFkECN9FpVrQiYF5X2du3PoRSUtVBEYLV6AFg6uZBw
🤖 Using bot wallet: B5CFkECN9FpVrQiYF5X2du3PoRSUtVBEYLV6AFg6uZBw
🔄 Fetching ALL live token balances...
✅ User balance fetched: 0.008279885 SOL
INFO:     127.0.0.1:49358 - "GET /api/wallet/balance/2VyHQNXD62CqjHGbNkG8CZ1iVP9GRvcmss3gJDNQ1LVJ HTTP/1.1" 200 OK
💰 Found 3 tokens on blockchain
✅ Updated tokens for B5CFkECN9FpVrQiYF5X2du3PoRSUtVBEYLV6AFg6uZBw: 3 tokens
📊 Active tokens (2):
  SOL: 0.035849048
  USDT: 0.000873
INFO:     127.0.0.1:49360 - "GET /api/wallet/bot-wallet-live HTTP/1.1" 200 OK
🔄 Fetching balance for user wallet: 2VyHQNXD62CqjHGbNkG8CZ1iVP9GRvcmss3gJDNQ1LVJ
2025-09-27 12:43:22,865 INFO sqlalchemy.engine.Engine BEGIN (implicit)
2025-09-27 12:43:22,865 INFO sqlalchemy.engine.Engine 
                SELECT trade_id, token_symbol, action, price, profit_loss, status,
                       wallet_address, input_token, output_token, input_amount, output_amount,
                       trade_action, signature, fee_sol, timestamp, created_at
                FROM trades
                ORDER BY created_at DESC
                LIMIT $1
            
2025-09-27 12:43:22,865 INFO sqlalchemy.engine.Engine [cached since 505.7s ago] (5,)
2025-09-27 12:43:22,866 INFO sqlalchemy.engine.Engine ROLLBACK
INFO:     127.0.0.1:49383 - "GET /api/wallet/trades?limit=5 HTTP/1.1" 200 OK
✅ Loaded bot wallet from DB: B5CFkECN9FpVrQiYF5X2du3PoRSUtVBEYLV6AFg6uZBw
🤖 Using bot wallet: B5CFkECN9FpVrQiYF5X2du3PoRSUtVBEYLV6AFg6uZBw
🔄 Fetching ALL live token balances...
✅ User balance fetched: 0.008279885 SOL
INFO:     127.0.0.1:49360 - "GET /api/wallet/balance/2VyHQNXD62CqjHGbNkG8CZ1iVP9GRvcmss3gJDNQ1LVJ HTTP/1.1" 200 OK
💰 Found 3 tokens on blockchain
✅ Updated tokens for B5CFkECN9FpVrQiYF5X2du3PoRSUtVBEYLV6AFg6uZBw: 3 tokens
📊 Active tokens (2):
  SOL: 0.035849048
  USDT: 0.000873
INFO:     127.0.0.1:49358 - "GET /api/wallet/bot-wallet-live HTTP/1.1" 200 OK
🔄 Fetching balance for user wallet: 2VyHQNXD62CqjHGbNkG8CZ1iVP9GRvcmss3gJDNQ1LVJ
✅ Loaded bot wallet from DB: B5CFkECN9FpVrQiYF5X2du3PoRSUtVBEYLV6AFg6uZBw
🤖 Using bot wallet: B5CFkECN9FpVrQiYF5X2du3PoRSUtVBEYLV6AFg6uZBw
🔄 Fetching ALL live token balances...
✅ User balance fetched: 0.008279885 SOL
INFO:     127.0.0.1:49523 - "GET /api/wallet/balance/2VyHQNXD62CqjHGbNkG8CZ1iVP9GRvcmss3gJDNQ1LVJ HTTP/1.1" 200 OK
💰 Found 3 tokens on blockchain
✅ Updated tokens for B5CFkECN9FpVrQiYF5X2du3PoRSUtVBEYLV6AFg6uZBw: 3 tokens
📊 Active tokens (2):
  SOL: 0.035849048
  USDT: 0.000873
INFO:     127.0.0.1:49524 - "GET /api/wallet/bot-wallet-live HTTP/1.1" 200 OK
🔄 Fetching balance for user wallet: 2VyHQNXD62CqjHGbNkG8CZ1iVP9GRvcmss3gJDNQ1LVJ
✅ Loaded bot wallet from DB: B5CFkECN9FpVrQiYF5X2du3PoRSUtVBEYLV6AFg6uZBw
🤖 Using bot wallet: B5CFkECN9FpVrQiYF5X2du3PoRSUtVBEYLV6AFg6uZBw
🔄 Fetching ALL live token balances...
✅ User balance fetched: 0.008279885 SOL
INFO:     127.0.0.1:49658 - "GET /api/wallet/balance/2VyHQNXD62CqjHGbNkG8CZ1iVP9GRvcmss3gJDNQ1LVJ HTTP/1.1" 200 OK
💰 Found 3 tokens on blockchain
✅ Updated tokens for B5CFkECN9FpVrQiYF5X2du3PoRSUtVBEYLV6AFg6uZBw: 3 tokens
📊 Active tokens (2):
  SOL: 0.035849048
  USDT: 0.000873
INFO:     127.0.0.1:49660 - "GET /api/wallet/bot-wallet-live HTTP/1.1" 200 OK
🔄 Fetching balance for user wallet: 2VyHQNXD62CqjHGbNkG8CZ1iVP9GRvcmss3gJDNQ1LVJ
2025-09-27 12:44:45,634 INFO sqlalchemy.engine.Engine BEGIN (implicit)
2025-09-27 12:44:45,634 INFO sqlalchemy.engine.Engine 
                SELECT trade_id, token_symbol, action, price, profit_loss, status,
                       wallet_address, input_token, output_token, input_amount, output_amount,
                       trade_action, signature, fee_sol, timestamp, created_at
                FROM trades
                ORDER BY created_at DESC
                LIMIT $1
            
2025-09-27 12:44:45,634 INFO sqlalchemy.engine.Engine [cached since 588.5s ago] (5,)
2025-09-27 12:44:45,636 INFO sqlalchemy.engine.Engine ROLLBACK
INFO:     127.0.0.1:49789 - "GET /api/wallet/trades?limit=5 HTTP/1.1" 200 OK
✅ Loaded bot wallet from DB: B5CFkECN9FpVrQiYF5X2du3PoRSUtVBEYLV6AFg6uZBw
🤖 Using bot wallet: B5CFkECN9FpVrQiYF5X2du3PoRSUtVBEYLV6AFg6uZBw
🔄 Fetching ALL live token balances...
✅ User balance fetched: 0.008279885 SOL
INFO:     127.0.0.1:49785 - "GET /api/wallet/balance/2VyHQNXD62CqjHGbNkG8CZ1iVP9GRvcmss3gJDNQ1LVJ HTTP/1.1" 200 OK
💰 Found 3 tokens on blockchain
✅ Updated tokens for B5CFkECN9FpVrQiYF5X2du3PoRSUtVBEYLV6AFg6uZBw: 3 tokens
📊 Active tokens (2):
  SOL: 0.035849048
  USDT: 0.000873
INFO:     127.0.0.1:49788 - "GET /api/wallet/bot-wallet-live HTTP/1.1" 200 OK
🔄 Fetching balance for user wallet: 2VyHQNXD62CqjHGbNkG8CZ1iVP9GRvcmss3gJDNQ1LVJ
✅ Loaded bot wallet from DB: B5CFkECN9FpVrQiYF5X2du3PoRSUtVBEYLV6AFg6uZBw
🤖 Using bot wallet: B5CFkECN9FpVrQiYF5X2du3PoRSUtVBEYLV6AFg6uZBw
🔄 Fetching ALL live token balances...
✅ User balance fetched: 0.008279885 SOL
INFO:     127.0.0.1:49937 - "GET /api/wallet/balance/2VyHQNXD62CqjHGbNkG8CZ1iVP9GRvcmss3gJDNQ1LVJ HTTP/1.1" 200 OK
💰 Found 3 tokens on blockchain
✅ Updated tokens for B5CFkECN9FpVrQiYF5X2du3PoRSUtVBEYLV6AFg6uZBw: 3 tokens
📊 Active tokens (2):
  SOL: 0.035849048
  USDT: 0.000873
INFO:     127.0.0.1:49938 - "GET /api/wallet/bot-wallet-live HTTP/1.1" 200 OK
WARNING:  WatchFiles detected changes in 'app/routes/wallet.py'. Reloading...
INFO:     Shutting down
INFO:     Waiting for application shutdown.
INFO:     Application shutdown complete.
INFO:     Finished server process [44460]
INFO:     Started server process [56278]
INFO:     Waiting for application startup.
2025-09-27 12:45:25,322 INFO sqlalchemy.engine.Engine select pg_catalog.version()
2025-09-27 12:45:25,322 INFO sqlalchemy.engine.Engine [raw sql] ()
2025-09-27 12:45:25,324 INFO sqlalchemy.engine.Engine select current_schema()
2025-09-27 12:45:25,324 INFO sqlalchemy.engine.Engine [raw sql] ()
2025-09-27 12:45:25,325 INFO sqlalchemy.engine.Engine show standard_conforming_strings
2025-09-27 12:45:25,325 INFO sqlalchemy.engine.Engine [raw sql] ()
2025-09-27 12:45:25,326 INFO sqlalchemy.engine.Engine BEGIN (implicit)
2025-09-27 12:45:25,327 INFO sqlalchemy.engine.Engine SELECT 1
2025-09-27 12:45:25,327 INFO sqlalchemy.engine.Engine [generated in 0.00005s] ()
✅ Database connection successful
2025-09-27 12:45:25,328 INFO sqlalchemy.engine.Engine SELECT tablename FROM pg_tables WHERE schemaname = 'public'
2025-09-27 12:45:25,328 INFO sqlalchemy.engine.Engine [generated in 0.00003s] ()
📊 Found 5 tables: ['bot_status', 'profit_data', 'strategies', 'trades', 'connected_wallets']
2025-09-27 12:45:25,330 INFO sqlalchemy.engine.Engine COMMIT
INFO:     Application startup complete.
WARNING:  WatchFiles detected changes in 'app/routes/wallet.py'. Reloading...
INFO:     Shutting down
INFO:     Waiting for application shutdown.
INFO:     Application shutdown complete.
INFO:     Finished server process [56278]
INFO:     Started server process [56449]
INFO:     Waiting for application startup.
2025-09-27 12:45:33,678 INFO sqlalchemy.engine.Engine select pg_catalog.version()
2025-09-27 12:45:33,678 INFO sqlalchemy.engine.Engine [raw sql] ()
2025-09-27 12:45:33,680 INFO sqlalchemy.engine.Engine select current_schema()
2025-09-27 12:45:33,680 INFO sqlalchemy.engine.Engine [raw sql] ()
2025-09-27 12:45:33,681 INFO sqlalchemy.engine.Engine show standard_conforming_strings
2025-09-27 12:45:33,681 INFO sqlalchemy.engine.Engine [raw sql] ()
2025-09-27 12:45:33,683 INFO sqlalchemy.engine.Engine BEGIN (implicit)
2025-09-27 12:45:33,683 INFO sqlalchemy.engine.Engine SELECT 1
2025-09-27 12:45:33,683 INFO sqlalchemy.engine.Engine [generated in 0.00006s] ()
✅ Database connection successful
2025-09-27 12:45:33,684 INFO sqlalchemy.engine.Engine SELECT tablename FROM pg_tables WHERE schemaname = 'public'
2025-09-27 12:45:33,685 INFO sqlalchemy.engine.Engine [generated in 0.00013s] ()
📊 Found 5 tables: ['bot_status', 'profit_data', 'strategies', 'trades', 'connected_wallets']
2025-09-27 12:45:33,687 INFO sqlalchemy.engine.Engine COMMIT
INFO:     Application startup complete.
🔄 Fetching balance for user wallet: 2VyHQNXD62CqjHGbNkG8CZ1iVP9GRvcmss3gJDNQ1LVJ
✅ Loaded bot wallet from DB: B5CFkECN9FpVrQiYF5X2du3PoRSUtVBEYLV6AFg6uZBw
🤖 Using bot wallet: B5CFkECN9FpVrQiYF5X2du3PoRSUtVBEYLV6AFg6uZBw
🔄 Fetching ALL live token balances...
✅ User balance fetched: 0.008279885 SOL
INFO:     127.0.0.1:50076 - "GET /api/wallet/balance/2VyHQNXD62CqjHGbNkG8CZ1iVP9GRvcmss3gJDNQ1LVJ HTTP/1.1" 200 OK
💰 Found 3 tokens on blockchain
✅ Updated tokens for B5CFkECN9FpVrQiYF5X2du3PoRSUtVBEYLV6AFg6uZBw: 3 tokens
📊 Active tokens (2):
  SOL: 0.035849048
  USDT: 0.000873
INFO:     127.0.0.1:50077 - "GET /api/wallet/bot-wallet-live HTTP/1.1" 200 OK
🔄 Fetching balance for user wallet: 2VyHQNXD62CqjHGbNkG8CZ1iVP9GRvcmss3gJDNQ1LVJ
✅ Loaded bot wallet from DB: B5CFkECN9FpVrQiYF5X2du3PoRSUtVBEYLV6AFg6uZBw
🤖 Using bot wallet: B5CFkECN9FpVrQiYF5X2du3PoRSUtVBEYLV6AFg6uZBw
🔄 Fetching ALL live token balances...
✅ User balance fetched: 0.008279885 SOL
INFO:     127.0.0.1:50220 - "GET /api/wallet/balance/2VyHQNXD62CqjHGbNkG8CZ1iVP9GRvcmss3gJDNQ1LVJ HTTP/1.1" 200 OK
💰 Found 3 tokens on blockchain
✅ Updated tokens for B5CFkECN9FpVrQiYF5X2du3PoRSUtVBEYLV6AFg6uZBw: 3 tokens
📊 Active tokens (2):
  SOL: 0.035849048
  USDT: 0.000873
INFO:     127.0.0.1:50221 - "GET /api/wallet/bot-wallet-live HTTP/1.1" 200 OK
🔄 Fetching balance for user wallet: 2VyHQNXD62CqjHGbNkG8CZ1iVP9GRvcmss3gJDNQ1LVJ
2025-09-27 12:46:22,258 INFO sqlalchemy.engine.Engine BEGIN (implicit)
2025-09-27 12:46:22,259 INFO sqlalchemy.engine.Engine 
                SELECT trade_id, token_symbol, action, price, profit_loss, status,
                       wallet_address, input_token, output_token, input_amount, output_amount,
                       trade_action, signature, fee_sol, timestamp, created_at
                FROM trades
                ORDER BY created_at DESC
                LIMIT $1
            
2025-09-27 12:46:22,259 INFO sqlalchemy.engine.Engine [generated in 0.00009s] (5,)
2025-09-27 12:46:22,272 INFO sqlalchemy.engine.Engine ROLLBACK
INFO:     127.0.0.1:50265 - "GET /api/wallet/trades?limit=5 HTTP/1.1" 200 OK
✅ Loaded bot wallet from DB: B5CFkECN9FpVrQiYF5X2du3PoRSUtVBEYLV6AFg6uZBw
🤖 Using bot wallet: B5CFkECN9FpVrQiYF5X2du3PoRSUtVBEYLV6AFg6uZBw
🔄 Fetching ALL live token balances...
✅ User balance fetched: 0.008279885 SOL
INFO:     127.0.0.1:50261 - "GET /api/wallet/balance/2VyHQNXD62CqjHGbNkG8CZ1iVP9GRvcmss3gJDNQ1LVJ HTTP/1.1" 200 OK
💰 Found 3 tokens on blockchain
✅ Updated tokens for B5CFkECN9FpVrQiYF5X2du3PoRSUtVBEYLV6AFg6uZBw: 3 tokens
📊 Active tokens (2):
  SOL: 0.035849048
  USDT: 0.000873
INFO:     127.0.0.1:50263 - "GET /api/wallet/bot-wallet-live HTTP/1.1" 200 OK
🔄 Fetching balance for user wallet: 2VyHQNXD62CqjHGbNkG8CZ1iVP9GRvcmss3gJDNQ1LVJ
2025-09-27 12:46:32,978 INFO sqlalchemy.engine.Engine BEGIN (implicit)
2025-09-27 12:46:32,979 INFO sqlalchemy.engine.Engine 
                SELECT trade_id, token_symbol, action, price, profit_loss, status,
                       wallet_address, input_token, output_token, input_amount, output_amount,
                       trade_action, signature, fee_sol, timestamp, created_at
                FROM trades
                ORDER BY created_at DESC
                LIMIT $1
            
2025-09-27 12:46:32,979 INFO sqlalchemy.engine.Engine [cached since 10.72s ago] (5,)
2025-09-27 12:46:32,981 INFO sqlalchemy.engine.Engine ROLLBACK
INFO:     127.0.0.1:50355 - "GET /api/wallet/trades?limit=5 HTTP/1.1" 200 OK
✅ Loaded bot wallet from DB: B5CFkECN9FpVrQiYF5X2du3PoRSUtVBEYLV6AFg6uZBw
🤖 Using bot wallet: B5CFkECN9FpVrQiYF5X2du3PoRSUtVBEYLV6AFg6uZBw
🔄 Fetching ALL live token balances...
✅ User balance fetched: 0.008279885 SOL
INFO:     127.0.0.1:50351 - "GET /api/wallet/balance/2VyHQNXD62CqjHGbNkG8CZ1iVP9GRvcmss3gJDNQ1LVJ HTTP/1.1" 200 OK
💰 Found 3 tokens on blockchain
✅ Updated tokens for B5CFkECN9FpVrQiYF5X2du3PoRSUtVBEYLV6AFg6uZBw: 3 tokens
📊 Active tokens (2):
  SOL: 0.035849048
  USDT: 0.000873
INFO:     127.0.0.1:50353 - "GET /api/wallet/bot-wallet-live HTTP/1.1" 200 OK
🔄 Fetching balance for user wallet: 2VyHQNXD62CqjHGbNkG8CZ1iVP9GRvcmss3gJDNQ1LVJ
2025-09-27 12:46:41,335 INFO sqlalchemy.engine.Engine BEGIN (implicit)
2025-09-27 12:46:41,335 INFO sqlalchemy.engine.Engine 
                SELECT trade_id, token_symbol, action, price, profit_loss, status,
                       wallet_address, input_token, output_token, input_amount, output_amount,
                       trade_action, signature, fee_sol, timestamp, created_at
                FROM trades
                ORDER BY created_at DESC
                LIMIT $1
            
2025-09-27 12:46:41,335 INFO sqlalchemy.engine.Engine [cached since 19.08s ago] (5,)
2025-09-27 12:46:41,337 INFO sqlalchemy.engine.Engine ROLLBACK
INFO:     127.0.0.1:50412 - "GET /api/wallet/trades?limit=5 HTTP/1.1" 200 OK
✅ Loaded bot wallet from DB: B5CFkECN9FpVrQiYF5X2du3PoRSUtVBEYLV6AFg6uZBw
🤖 Using bot wallet: B5CFkECN9FpVrQiYF5X2du3PoRSUtVBEYLV6AFg6uZBw
🔄 Fetching ALL live token balances...
✅ User balance fetched: 0.008279885 SOL
INFO:     127.0.0.1:50408 - "GET /api/wallet/balance/2VyHQNXD62CqjHGbNkG8CZ1iVP9GRvcmss3gJDNQ1LVJ HTTP/1.1" 200 OK
💰 Found 3 tokens on blockchain
✅ Updated tokens for B5CFkECN9FpVrQiYF5X2du3PoRSUtVBEYLV6AFg6uZBw: 3 tokens
📊 Active tokens (2):
  SOL: 0.035849048
  USDT: 0.000873
INFO:     127.0.0.1:50410 - "GET /api/wallet/bot-wallet-live HTTP/1.1" 200 OK
INFO:     127.0.0.1:50410 - "OPTIONS /api/wallet/create-funding-transaction HTTP/1.1" 200 OK
💰 Creating funding transaction: 0.01 SOL from 2VyHQNXD62CqjHGbNkG8CZ1iVP9GRvcmss3gJDNQ1LVJ
✅ Loaded bot wallet from DB: B5CFkECN9FpVrQiYF5X2du3PoRSUtVBEYLV6AFg6uZBw
INFO:     127.0.0.1:50410 - "POST /api/wallet/create-funding-transaction HTTP/1.1" 200 OK
WARNING:  WatchFiles detected changes in 'app/routes/wallet.py'. Reloading...
INFO:     Shutting down
INFO:     Waiting for application shutdown.
INFO:     Application shutdown complete.
INFO:     Finished server process [56449]
INFO:     Started server process [57770]
INFO:     Waiting for application startup.
2025-09-27 12:46:46,437 INFO sqlalchemy.engine.Engine select pg_catalog.version()
2025-09-27 12:46:46,437 INFO sqlalchemy.engine.Engine [raw sql] ()
2025-09-27 12:46:46,440 INFO sqlalchemy.engine.Engine select current_schema()
2025-09-27 12:46:46,440 INFO sqlalchemy.engine.Engine [raw sql] ()
2025-09-27 12:46:46,441 INFO sqlalchemy.engine.Engine show standard_conforming_strings
2025-09-27 12:46:46,441 INFO sqlalchemy.engine.Engine [raw sql] ()
2025-09-27 12:46:46,443 INFO sqlalchemy.engine.Engine BEGIN (implicit)
2025-09-27 12:46:46,443 INFO sqlalchemy.engine.Engine SELECT 1
2025-09-27 12:46:46,443 INFO sqlalchemy.engine.Engine [generated in 0.00006s] ()
✅ Database connection successful
2025-09-27 12:46:46,444 INFO sqlalchemy.engine.Engine SELECT tablename FROM pg_tables WHERE schemaname = 'public'
2025-09-27 12:46:46,444 INFO sqlalchemy.engine.Engine [generated in 0.00005s] ()
📊 Found 5 tables: ['bot_status', 'profit_data', 'strategies', 'trades', 'connected_wallets']
2025-09-27 12:46:46,446 INFO sqlalchemy.engine.Engine COMMIT
INFO:     Application startup complete.
🔄 Fetching balance for user wallet: 2VyHQNXD62CqjHGbNkG8CZ1iVP9GRvcmss3gJDNQ1LVJ
✅ Loaded bot wallet from DB: B5CFkECN9FpVrQiYF5X2du3PoRSUtVBEYLV6AFg6uZBw
🤖 Using bot wallet: B5CFkECN9FpVrQiYF5X2du3PoRSUtVBEYLV6AFg6uZBw
🔄 Fetching ALL live token balances...
✅ User balance fetched: 0.008279885 SOL
INFO:     127.0.0.1:50558 - "GET /api/wallet/balance/2VyHQNXD62CqjHGbNkG8CZ1iVP9GRvcmss3gJDNQ1LVJ HTTP/1.1" 200 OK
💰 Found 3 tokens on blockchain
✅ Updated tokens for B5CFkECN9FpVrQiYF5X2du3PoRSUtVBEYLV6AFg6uZBw: 3 tokens
📊 Active tokens (2):
  SOL: 0.035849048
  USDT: 0.000873
INFO:     127.0.0.1:50560 - "GET /api/wallet/bot-wallet-live HTTP/1.1" 200 OK
🔄 Fetching balance for user wallet: 2VyHQNXD62CqjHGbNkG8CZ1iVP9GRvcmss3gJDNQ1LVJ
2025-09-27 12:47:15,359 INFO sqlalchemy.engine.Engine BEGIN (implicit)
2025-09-27 12:47:15,359 INFO sqlalchemy.engine.Engine 
                SELECT trade_id, token_symbol, action, price, profit_loss, status,
                       wallet_address, input_token, output_token, input_amount, output_amount,
                       trade_action, signature, fee_sol, timestamp, created_at
                FROM trades
                ORDER BY created_at DESC
                LIMIT $1
            
2025-09-27 12:47:15,360 INFO sqlalchemy.engine.Engine [generated in 0.00010s] (5,)
2025-09-27 12:47:15,374 INFO sqlalchemy.engine.Engine ROLLBACK
INFO:     127.0.0.1:50592 - "GET /api/wallet/trades?limit=5 HTTP/1.1" 200 OK
✅ Loaded bot wallet from DB: B5CFkECN9FpVrQiYF5X2du3PoRSUtVBEYLV6AFg6uZBw
🤖 Using bot wallet: B5CFkECN9FpVrQiYF5X2du3PoRSUtVBEYLV6AFg6uZBw
🔄 Fetching ALL live token balances...
✅ User balance fetched: 0.008279885 SOL
INFO:     127.0.0.1:50560 - "GET /api/wallet/balance/2VyHQNXD62CqjHGbNkG8CZ1iVP9GRvcmss3gJDNQ1LVJ HTTP/1.1" 200 OK
💰 Found 3 tokens on blockchain
✅ Updated tokens for B5CFkECN9FpVrQiYF5X2du3PoRSUtVBEYLV6AFg6uZBw: 3 tokens
📊 Active tokens (2):
  SOL: 0.035849048
  USDT: 0.000873
INFO:     127.0.0.1:50558 - "GET /api/wallet/bot-wallet-live HTTP/1.1" 200 OK
WARNING:  WatchFiles detected changes in 'app/routes/wallet.py'. Reloading...
INFO:     Shutting down
INFO:     Waiting for application shutdown.
INFO:     Application shutdown complete.
INFO:     Finished server process [57770]
INFO:     Started server process [58761]
INFO:     Waiting for application startup.
2025-09-27 12:47:38,178 INFO sqlalchemy.engine.Engine select pg_catalog.version()
2025-09-27 12:47:38,178 INFO sqlalchemy.engine.Engine [raw sql] ()
2025-09-27 12:47:38,180 INFO sqlalchemy.engine.Engine select current_schema()
2025-09-27 12:47:38,180 INFO sqlalchemy.engine.Engine [raw sql] ()
2025-09-27 12:47:38,182 INFO sqlalchemy.engine.Engine show standard_conforming_strings
2025-09-27 12:47:38,182 INFO sqlalchemy.engine.Engine [raw sql] ()
2025-09-27 12:47:38,183 INFO sqlalchemy.engine.Engine BEGIN (implicit)
2025-09-27 12:47:38,183 INFO sqlalchemy.engine.Engine SELECT 1
2025-09-27 12:47:38,183 INFO sqlalchemy.engine.Engine [generated in 0.00008s] ()
✅ Database connection successful
2025-09-27 12:47:38,185 INFO sqlalchemy.engine.Engine SELECT tablename FROM pg_tables WHERE schemaname = 'public'
2025-09-27 12:47:38,185 INFO sqlalchemy.engine.Engine [generated in 0.00004s] ()
📊 Found 5 tables: ['bot_status', 'profit_data', 'strategies', 'trades', 'connected_wallets']
2025-09-27 12:47:38,187 INFO sqlalchemy.engine.Engine COMMIT
INFO:     Application startup complete.
🔄 Fetching balance for user wallet: 2VyHQNXD62CqjHGbNkG8CZ1iVP9GRvcmss3gJDNQ1LVJ
✅ Loaded bot wallet from DB: B5CFkECN9FpVrQiYF5X2du3PoRSUtVBEYLV6AFg6uZBw
🤖 Using bot wallet: B5CFkECN9FpVrQiYF5X2du3PoRSUtVBEYLV6AFg6uZBw
🔄 Fetching ALL live token balances...
✅ User balance fetched: 0.008279885 SOL
INFO:     127.0.0.1:50740 - "GET /api/wallet/balance/2VyHQNXD62CqjHGbNkG8CZ1iVP9GRvcmss3gJDNQ1LVJ HTTP/1.1" 200 OK
💰 Found 3 tokens on blockchain
✅ Updated tokens for B5CFkECN9FpVrQiYF5X2du3PoRSUtVBEYLV6AFg6uZBw: 3 tokens
📊 Active tokens (2):
  SOL: 0.035849048
  USDT: 0.000873
INFO:     127.0.0.1:50741 - "GET /api/wallet/bot-wallet-live HTTP/1.1" 200 OK
🔄 Fetching balance for user wallet: 2VyHQNXD62CqjHGbNkG8CZ1iVP9GRvcmss3gJDNQ1LVJ
2025-09-27 12:47:52,827 INFO sqlalchemy.engine.Engine BEGIN (implicit)
2025-09-27 12:47:52,827 INFO sqlalchemy.engine.Engine 
                SELECT trade_id, token_symbol, action, price, profit_loss, status,
                       wallet_address, input_token, output_token, input_amount, output_amount,
                       trade_action, signature, fee_sol, timestamp, created_at
                FROM trades
                ORDER BY created_at DESC
                LIMIT $1
            
2025-09-27 12:47:52,827 INFO sqlalchemy.engine.Engine [generated in 0.00007s] (5,)
2025-09-27 12:47:52,840 INFO sqlalchemy.engine.Engine ROLLBACK
INFO:     127.0.0.1:50780 - "GET /api/wallet/trades?limit=5 HTTP/1.1" 200 OK
✅ Loaded bot wallet from DB: B5CFkECN9FpVrQiYF5X2du3PoRSUtVBEYLV6AFg6uZBw
🤖 Using bot wallet: B5CFkECN9FpVrQiYF5X2du3PoRSUtVBEYLV6AFg6uZBw
🔄 Fetching ALL live token balances...
✅ User balance fetched: 0.008279885 SOL
INFO:     127.0.0.1:50778 - "GET /api/wallet/balance/2VyHQNXD62CqjHGbNkG8CZ1iVP9GRvcmss3gJDNQ1LVJ HTTP/1.1" 200 OK
💰 Found 3 tokens on blockchain
✅ Updated tokens for B5CFkECN9FpVrQiYF5X2du3PoRSUtVBEYLV6AFg6uZBw: 3 tokens
📊 Active tokens (2):
  SOL: 0.035849048
  USDT: 0.000873
INFO:     127.0.0.1:50779 - "GET /api/wallet/bot-wallet-live HTTP/1.1" 200 OK
WARNING:  WatchFiles detected changes in 'app/routes/wallet.py'. Reloading...
INFO:     Shutting down
INFO:     Waiting for application shutdown.
INFO:     Application shutdown complete.
INFO:     Finished server process [58761]
INFO:     Started server process [59120]
INFO:     Waiting for application startup.
2025-09-27 12:47:55,186 INFO sqlalchemy.engine.Engine select pg_catalog.version()
2025-09-27 12:47:55,186 INFO sqlalchemy.engine.Engine [raw sql] ()
2025-09-27 12:47:55,189 INFO sqlalchemy.engine.Engine select current_schema()
2025-09-27 12:47:55,189 INFO sqlalchemy.engine.Engine [raw sql] ()
2025-09-27 12:47:55,191 INFO sqlalchemy.engine.Engine show standard_conforming_strings
2025-09-27 12:47:55,191 INFO sqlalchemy.engine.Engine [raw sql] ()
2025-09-27 12:47:55,192 INFO sqlalchemy.engine.Engine BEGIN (implicit)
2025-09-27 12:47:55,192 INFO sqlalchemy.engine.Engine SELECT 1
2025-09-27 12:47:55,192 INFO sqlalchemy.engine.Engine [generated in 0.00005s] ()
✅ Database connection successful
2025-09-27 12:47:55,193 INFO sqlalchemy.engine.Engine SELECT tablename FROM pg_tables WHERE schemaname = 'public'
2025-09-27 12:47:55,193 INFO sqlalchemy.engine.Engine [generated in 0.00009s] ()
📊 Found 5 tables: ['bot_status', 'profit_data', 'strategies', 'trades', 'connected_wallets']
2025-09-27 12:47:55,194 INFO sqlalchemy.engine.Engine COMMIT
INFO:     Application startup complete.
🔄 Fetching balance for user wallet: 2VyHQNXD62CqjHGbNkG8CZ1iVP9GRvcmss3gJDNQ1LVJ
2025-09-27 12:47:57,869 INFO sqlalchemy.engine.Engine BEGIN (implicit)
2025-09-27 12:47:57,869 INFO sqlalchemy.engine.Engine 
                SELECT trade_id, token_symbol, action, price, profit_loss, status,
                       wallet_address, input_token, output_token, input_amount, output_amount,
                       trade_action, signature, fee_sol, timestamp, created_at
                FROM trades
                ORDER BY created_at DESC
                LIMIT $1
            
2025-09-27 12:47:57,869 INFO sqlalchemy.engine.Engine [generated in 0.00008s] (5,)
2025-09-27 12:47:57,882 INFO sqlalchemy.engine.Engine ROLLBACK
INFO:     127.0.0.1:50824 - "GET /api/wallet/trades?limit=5 HTTP/1.1" 200 OK
✅ Loaded bot wallet from DB: B5CFkECN9FpVrQiYF5X2du3PoRSUtVBEYLV6AFg6uZBw
🤖 Using bot wallet: B5CFkECN9FpVrQiYF5X2du3PoRSUtVBEYLV6AFg6uZBw
🔄 Fetching ALL live token balances...
✅ User balance fetched: 0.008279885 SOL
INFO:     127.0.0.1:50820 - "GET /api/wallet/balance/2VyHQNXD62CqjHGbNkG8CZ1iVP9GRvcmss3gJDNQ1LVJ HTTP/1.1" 200 OK
💰 Found 3 tokens on blockchain
✅ Updated tokens for B5CFkECN9FpVrQiYF5X2du3PoRSUtVBEYLV6AFg6uZBw: 3 tokens
📊 Active tokens (2):
  SOL: 0.035849048
  USDT: 0.000873
INFO:     127.0.0.1:50823 - "GET /api/wallet/bot-wallet-live HTTP/1.1" 200 OK
🔄 Fetching balance for user wallet: 2VyHQNXD62CqjHGbNkG8CZ1iVP9GRvcmss3gJDNQ1LVJ
2025-09-27 12:48:00,859 INFO sqlalchemy.engine.Engine BEGIN (implicit)
2025-09-27 12:48:00,859 INFO sqlalchemy.engine.Engine 
                SELECT trade_id, token_symbol, action, price, profit_loss, status,
                       wallet_address, input_token, output_token, input_amount, output_amount,
                       trade_action, signature, fee_sol, timestamp, created_at
                FROM trades
                ORDER BY created_at DESC
                LIMIT $1
            
2025-09-27 12:48:00,859 INFO sqlalchemy.engine.Engine [cached since 2.99s ago] (5,)
2025-09-27 12:48:00,861 INFO sqlalchemy.engine.Engine ROLLBACK
INFO:     127.0.0.1:50824 - "GET /api/wallet/trades?limit=5 HTTP/1.1" 200 OK
✅ Loaded bot wallet from DB: B5CFkECN9FpVrQiYF5X2du3PoRSUtVBEYLV6AFg6uZBw
🤖 Using bot wallet: B5CFkECN9FpVrQiYF5X2du3PoRSUtVBEYLV6AFg6uZBw
🔄 Fetching ALL live token balances...
✅ User balance fetched: 0.008279885 SOL
INFO:     127.0.0.1:50823 - "GET /api/wallet/balance/2VyHQNXD62CqjHGbNkG8CZ1iVP9GRvcmss3gJDNQ1LVJ HTTP/1.1" 200 OK
💰 Found 1 tokens on blockchain
✅ Updated tokens for B5CFkECN9FpVrQiYF5X2du3PoRSUtVBEYLV6AFg6uZBw: 1 tokens
📊 Active tokens (1):
  SOL: 0.035849048
INFO:     127.0.0.1:50820 - "GET /api/wallet/bot-wallet-live HTTP/1.1" 200 OK
🔄 Fetching balance for user wallet: 2VyHQNXD62CqjHGbNkG8CZ1iVP9GRvcmss3gJDNQ1LVJ
✅ Loaded bot wallet from DB: B5CFkECN9FpVrQiYF5X2du3PoRSUtVBEYLV6AFg6uZBw
🤖 Using bot wallet: B5CFkECN9FpVrQiYF5X2du3PoRSUtVBEYLV6AFg6uZBw
🔄 Fetching ALL live token balances...
✅ User balance fetched: 0.008279885 SOL
INFO:     127.0.0.1:50978 - "GET /api/wallet/balance/2VyHQNXD62CqjHGbNkG8CZ1iVP9GRvcmss3gJDNQ1LVJ HTTP/1.1" 200 OK
💰 Found 3 tokens on blockchain
✅ Updated tokens for B5CFkECN9FpVrQiYF5X2du3PoRSUtVBEYLV6AFg6uZBw: 3 tokens
📊 Active tokens (2):
  SOL: 0.035849048
  USDT: 0.000873
INFO:     127.0.0.1:50980 - "GET /api/wallet/bot-wallet-live HTTP/1.1" 200 OK
🔄 Fetching balance for user wallet: 2VyHQNXD62CqjHGbNkG8CZ1iVP9GRvcmss3gJDNQ1LVJ
2025-09-27 12:48:35,620 INFO sqlalchemy.engine.Engine BEGIN (implicit)
2025-09-27 12:48:35,621 INFO sqlalchemy.engine.Engine 
                SELECT trade_id, token_symbol, action, price, profit_loss, status,
                       wallet_address, input_token, output_token, input_amount, output_amount,
                       trade_action, signature, fee_sol, timestamp, created_at
                FROM trades
                ORDER BY created_at DESC
                LIMIT $1
            
2025-09-27 12:48:35,621 INFO sqlalchemy.engine.Engine [cached since 37.75s ago] (5,)
2025-09-27 12:48:35,636 INFO sqlalchemy.engine.Engine ROLLBACK
INFO:     127.0.0.1:51007 - "GET /api/wallet/trades?limit=5 HTTP/1.1" 200 OK
✅ Loaded bot wallet from DB: B5CFkECN9FpVrQiYF5X2du3PoRSUtVBEYLV6AFg6uZBw
🤖 Using bot wallet: B5CFkECN9FpVrQiYF5X2du3PoRSUtVBEYLV6AFg6uZBw
🔄 Fetching ALL live token balances...
✅ User balance fetched: 0.008279885 SOL
INFO:     127.0.0.1:50980 - "GET /api/wallet/balance/2VyHQNXD62CqjHGbNkG8CZ1iVP9GRvcmss3gJDNQ1LVJ HTTP/1.1" 200 OK
💰 Found 3 tokens on blockchain
✅ Updated tokens for B5CFkECN9FpVrQiYF5X2du3PoRSUtVBEYLV6AFg6uZBw: 3 tokens
📊 Active tokens (2):
  SOL: 0.035849048
  USDT: 0.000873
INFO:     127.0.0.1:50978 - "GET /api/wallet/bot-wallet-live HTTP/1.1" 200 OK
INFO:     127.0.0.1:51067 - "OPTIONS /api/wallet/withdraw-from-bot HTTP/1.1" 200 OK
💸 Creating withdrawal: 0.0358 SOL from bot to 2VyHQNXD62CqjHGbNkG8CZ1iVP9GRvcmss3gJDNQ1LVJ
✅ Loaded bot wallet from DB: B5CFkECN9FpVrQiYF5X2du3PoRSUtVBEYLV6AFg6uZBw
❌ Error creating withdrawal: type object 'solders.transaction.Transaction' has no attribute 'new_signed'
INFO:     127.0.0.1:51067 - "POST /api/wallet/withdraw-from-bot HTTP/1.1" 500 Internal Server Error
WARNING:  WatchFiles detected changes in 'app/routes/wallet.py'. Reloading...
INFO:     Shutting down
INFO:     Waiting for application shutdown.
INFO:     Application shutdown complete.
INFO:     Finished server process [59120]
INFO:     Started server process [60103]
INFO:     Waiting for application startup.
2025-09-27 12:48:50,971 INFO sqlalchemy.engine.Engine select pg_catalog.version()
2025-09-27 12:48:50,971 INFO sqlalchemy.engine.Engine [raw sql] ()
2025-09-27 12:48:50,974 INFO sqlalchemy.engine.Engine select current_schema()
2025-09-27 12:48:50,974 INFO sqlalchemy.engine.Engine [raw sql] ()
2025-09-27 12:48:50,975 INFO sqlalchemy.engine.Engine show standard_conforming_strings
2025-09-27 12:48:50,975 INFO sqlalchemy.engine.Engine [raw sql] ()
2025-09-27 12:48:50,976 INFO sqlalchemy.engine.Engine BEGIN (implicit)
2025-09-27 12:48:50,977 INFO sqlalchemy.engine.Engine SELECT 1
2025-09-27 12:48:50,977 INFO sqlalchemy.engine.Engine [generated in 0.00008s] ()
✅ Database connection successful
2025-09-27 12:48:50,978 INFO sqlalchemy.engine.Engine SELECT tablename FROM pg_tables WHERE schemaname = 'public'
2025-09-27 12:48:50,978 INFO sqlalchemy.engine.Engine [generated in 0.00008s] ()
📊 Found 5 tables: ['bot_status', 'profit_data', 'strategies', 'trades', 'connected_wallets']
2025-09-27 12:48:50,980 INFO sqlalchemy.engine.Engine COMMIT
INFO:     Application startup complete.
🔄 Fetching balance for user wallet: 2VyHQNXD62CqjHGbNkG8CZ1iVP9GRvcmss3gJDNQ1LVJ
2025-09-27 12:48:56,782 INFO sqlalchemy.engine.Engine BEGIN (implicit)
2025-09-27 12:48:56,782 INFO sqlalchemy.engine.Engine 
                SELECT trade_id, token_symbol, action, price, profit_loss, status,
                       wallet_address, input_token, output_token, input_amount, output_amount,
                       trade_action, signature, fee_sol, timestamp, created_at
                FROM trades
                ORDER BY created_at DESC
                LIMIT $1
            
2025-09-27 12:48:56,782 INFO sqlalchemy.engine.Engine [generated in 0.00007s] (5,)
2025-09-27 12:48:56,795 INFO sqlalchemy.engine.Engine ROLLBACK
INFO:     127.0.0.1:51127 - "GET /api/wallet/trades?limit=5 HTTP/1.1" 200 OK
✅ Loaded bot wallet from DB: B5CFkECN9FpVrQiYF5X2du3PoRSUtVBEYLV6AFg6uZBw
🤖 Using bot wallet: B5CFkECN9FpVrQiYF5X2du3PoRSUtVBEYLV6AFg6uZBw
🔄 Fetching ALL live token balances...
✅ User balance fetched: 0.008279885 SOL
INFO:     127.0.0.1:51123 - "GET /api/wallet/balance/2VyHQNXD62CqjHGbNkG8CZ1iVP9GRvcmss3gJDNQ1LVJ HTTP/1.1" 200 OK
💰 Found 3 tokens on blockchain
✅ Updated tokens for B5CFkECN9FpVrQiYF5X2du3PoRSUtVBEYLV6AFg6uZBw: 3 tokens
📊 Active tokens (2):
  SOL: 0.035849048
  USDT: 0.000873
INFO:     127.0.0.1:51126 - "GET /api/wallet/bot-wallet-live HTTP/1.1" 200 OK
💸 Creating withdrawal: 0.0358 SOL from bot to 2VyHQNXD62CqjHGbNkG8CZ1iVP9GRvcmss3gJDNQ1LVJ
✅ Loaded bot wallet from DB: B5CFkECN9FpVrQiYF5X2du3PoRSUtVBEYLV6AFg6uZBw
❌ Error creating withdrawal: type object 'solders.transaction.Transaction' has no attribute 'new_signed'
INFO:     127.0.0.1:51157 - "POST /api/wallet/withdraw-from-bot HTTP/1.1" 500 Internal Server Error
🔄 Fetching balance for user wallet: 2VyHQNXD62CqjHGbNkG8CZ1iVP9GRvcmss3gJDNQ1LVJ
✅ Loaded bot wallet from DB: B5CFkECN9FpVrQiYF5X2du3PoRSUtVBEYLV6AFg6uZBw
🤖 Using bot wallet: B5CFkECN9FpVrQiYF5X2du3PoRSUtVBEYLV6AFg6uZBw
🔄 Fetching ALL live token balances...
✅ User balance fetched: 0.008279885 SOL
INFO:     127.0.0.1:51299 - "GET /api/wallet/balance/2VyHQNXD62CqjHGbNkG8CZ1iVP9GRvcmss3gJDNQ1LVJ HTTP/1.1" 200 OK
💰 Found 3 tokens on blockchain
✅ Updated tokens for B5CFkECN9FpVrQiYF5X2du3PoRSUtVBEYLV6AFg6uZBw: 3 tokens
📊 Active tokens (2):
  SOL: 0.035849048
  USDT: 0.000873
INFO:     127.0.0.1:51301 - "GET /api/wallet/bot-wallet-live HTTP/1.1" 200 OK
🔄 Fetching balance for user wallet: 2VyHQNXD62CqjHGbNkG8CZ1iVP9GRvcmss3gJDNQ1LVJ
2025-09-27 12:49:36,123 INFO sqlalchemy.engine.Engine BEGIN (implicit)
2025-09-27 12:49:36,123 INFO sqlalchemy.engine.Engine 
                SELECT trade_id, token_symbol, action, price, profit_loss, status,
                       wallet_address, input_token, output_token, input_amount, output_amount,
                       trade_action, signature, fee_sol, timestamp, created_at
                FROM trades
                ORDER BY created_at DESC
                LIMIT $1
            
2025-09-27 12:49:36,123 INFO sqlalchemy.engine.Engine [cached since 39.34s ago] (5,)
2025-09-27 12:49:36,124 INFO sqlalchemy.engine.Engine ROLLBACK
INFO:     127.0.0.1:51323 - "GET /api/wallet/trades?limit=5 HTTP/1.1" 200 OK
✅ Loaded bot wallet from DB: B5CFkECN9FpVrQiYF5X2du3PoRSUtVBEYLV6AFg6uZBw
🤖 Using bot wallet: B5CFkECN9FpVrQiYF5X2du3PoRSUtVBEYLV6AFg6uZBw
🔄 Fetching ALL live token balances...
✅ User balance fetched: 0.008279885 SOL
INFO:     127.0.0.1:51301 - "GET /api/wallet/balance/2VyHQNXD62CqjHGbNkG8CZ1iVP9GRvcmss3gJDNQ1LVJ HTTP/1.1" 200 OK
💰 Found 3 tokens on blockchain
✅ Updated tokens for B5CFkECN9FpVrQiYF5X2du3PoRSUtVBEYLV6AFg6uZBw: 3 tokens
📊 Active tokens (2):
  SOL: 0.035849048
  USDT: 0.000873
INFO:     127.0.0.1:51299 - "GET /api/wallet/bot-wallet-live HTTP/1.1" 200 OK
💰 Creating funding transaction: 0.1 SOL from 2VyHQNXD62CqjHGbNkG8CZ1iVP9GRvcmss3gJDNQ1LVJ
✅ Loaded bot wallet from DB: B5CFkECN9FpVrQiYF5X2du3PoRSUtVBEYLV6AFg6uZBw
INFO:     127.0.0.1:51299 - "POST /api/wallet/create-funding-transaction HTTP/1.1" 200 OK
💰 Creating funding transaction: 0.01 SOL from 2VyHQNXD62CqjHGbNkG8CZ1iVP9GRvcmss3gJDNQ1LVJ
✅ Loaded bot wallet from DB: B5CFkECN9FpVrQiYF5X2du3PoRSUtVBEYLV6AFg6uZBw
INFO:     127.0.0.1:51299 - "POST /api/wallet/create-funding-transaction HTTP/1.1" 200 OK
WARNING:  WatchFiles detected changes in 'app/routes/wallet.py'. Reloading...
INFO:     Shutting down
INFO:     Waiting for application shutdown.
INFO:     Application shutdown complete.
INFO:     Finished server process [60103]
INFO:     Started server process [61169]
INFO:     Waiting for application startup.
2025-09-27 12:49:48,203 INFO sqlalchemy.engine.Engine select pg_catalog.version()
2025-09-27 12:49:48,203 INFO sqlalchemy.engine.Engine [raw sql] ()
2025-09-27 12:49:48,205 INFO sqlalchemy.engine.Engine select current_schema()
2025-09-27 12:49:48,205 INFO sqlalchemy.engine.Engine [raw sql] ()
2025-09-27 12:49:48,207 INFO sqlalchemy.engine.Engine show standard_conforming_strings
2025-09-27 12:49:48,207 INFO sqlalchemy.engine.Engine [raw sql] ()
2025-09-27 12:49:48,208 INFO sqlalchemy.engine.Engine BEGIN (implicit)
2025-09-27 12:49:48,208 INFO sqlalchemy.engine.Engine SELECT 1
2025-09-27 12:49:48,208 INFO sqlalchemy.engine.Engine [generated in 0.00005s] ()
✅ Database connection successful
2025-09-27 12:49:48,210 INFO sqlalchemy.engine.Engine SELECT tablename FROM pg_tables WHERE schemaname = 'public'
2025-09-27 12:49:48,210 INFO sqlalchemy.engine.Engine [generated in 0.00006s] ()
📊 Found 5 tables: ['bot_status', 'profit_data', 'strategies', 'trades', 'connected_wallets']
2025-09-27 12:49:48,212 INFO sqlalchemy.engine.Engine COMMIT
INFO:     Application startup complete.
WARNING:  WatchFiles detected changes in 'app/routes/wallet.py'. Reloading...
INFO:     Shutting down
INFO:     Waiting for application shutdown.
INFO:     Application shutdown complete.
INFO:     Finished server process [61169]
INFO:     Started server process [61243]
INFO:     Waiting for application startup.
2025-09-27 12:49:51,108 INFO sqlalchemy.engine.Engine select pg_catalog.version()
2025-09-27 12:49:51,109 INFO sqlalchemy.engine.Engine [raw sql] ()
2025-09-27 12:49:51,111 INFO sqlalchemy.engine.Engine select current_schema()
2025-09-27 12:49:51,112 INFO sqlalchemy.engine.Engine [raw sql] ()
2025-09-27 12:49:51,114 INFO sqlalchemy.engine.Engine show standard_conforming_strings
2025-09-27 12:49:51,114 INFO sqlalchemy.engine.Engine [raw sql] ()
2025-09-27 12:49:51,116 INFO sqlalchemy.engine.Engine BEGIN (implicit)
2025-09-27 12:49:51,117 INFO sqlalchemy.engine.Engine SELECT 1
2025-09-27 12:49:51,117 INFO sqlalchemy.engine.Engine [generated in 0.00005s] ()
✅ Database connection successful
2025-09-27 12:49:51,118 INFO sqlalchemy.engine.Engine SELECT tablename FROM pg_tables WHERE schemaname = 'public'
2025-09-27 12:49:51,118 INFO sqlalchemy.engine.Engine [generated in 0.00007s] ()
📊 Found 5 tables: ['bot_status', 'profit_data', 'strategies', 'trades', 'connected_wallets']
2025-09-27 12:49:51,121 INFO sqlalchemy.engine.Engine COMMIT
INFO:     Application startup complete.
🔄 Fetching balance for user wallet: 2VyHQNXD62CqjHGbNkG8CZ1iVP9GRvcmss3gJDNQ1LVJ
2025-09-27 12:49:56,882 INFO sqlalchemy.engine.Engine BEGIN (implicit)
2025-09-27 12:49:56,882 INFO sqlalchemy.engine.Engine 
                SELECT trade_id, token_symbol, action, price, profit_loss, status,
                       wallet_address, input_token, output_token, input_amount, output_amount,
                       trade_action, signature, fee_sol, timestamp, created_at
                FROM trades
                ORDER BY created_at DESC
                LIMIT $1
            
2025-09-27 12:49:56,882 INFO sqlalchemy.engine.Engine [generated in 0.00007s] (5,)
2025-09-27 12:49:56,896 INFO sqlalchemy.engine.Engine ROLLBACK
INFO:     127.0.0.1:51448 - "GET /api/wallet/trades?limit=5 HTTP/1.1" 200 OK
✅ Loaded bot wallet from DB: B5CFkECN9FpVrQiYF5X2du3PoRSUtVBEYLV6AFg6uZBw
🤖 Using bot wallet: B5CFkECN9FpVrQiYF5X2du3PoRSUtVBEYLV6AFg6uZBw
🔄 Fetching ALL live token balances...
✅ User balance fetched: 0.008279885 SOL
INFO:     127.0.0.1:51444 - "GET /api/wallet/balance/2VyHQNXD62CqjHGbNkG8CZ1iVP9GRvcmss3gJDNQ1LVJ HTTP/1.1" 200 OK
💰 Found 3 tokens on blockchain
✅ Updated tokens for B5CFkECN9FpVrQiYF5X2du3PoRSUtVBEYLV6AFg6uZBw: 3 tokens
📊 Active tokens (2):
  SOL: 0.035849048
  USDT: 0.000873
INFO:     127.0.0.1:51446 - "GET /api/wallet/bot-wallet-live HTTP/1.1" 200 OK
💸 Creating withdrawal: 0.1 SOL from bot to 2VyHQNXD62CqjHGbNkG8CZ1iVP9GRvcmss3gJDNQ1LVJ
✅ Loaded bot wallet from DB: B5CFkECN9FpVrQiYF5X2du3PoRSUtVBEYLV6AFg6uZBw
❌ Error creating withdrawal: 400: Insufficient bot wallet balance. Available: 0.035849048 SOL
INFO:     127.0.0.1:51446 - "POST /api/wallet/withdraw-from-bot HTTP/1.1" 500 Internal Server Error
WARNING:  WatchFiles detected changes in 'app/routes/wallet.py'. Reloading...
INFO:     Shutting down
INFO:     Waiting for application shutdown.
INFO:     Application shutdown complete.
INFO:     Finished server process [61243]
INFO:     Started server process [61493]
INFO:     Waiting for application startup.
2025-09-27 12:50:01,658 INFO sqlalchemy.engine.Engine select pg_catalog.version()
2025-09-27 12:50:01,658 INFO sqlalchemy.engine.Engine [raw sql] ()
2025-09-27 12:50:01,659 INFO sqlalchemy.engine.Engine select current_schema()
2025-09-27 12:50:01,659 INFO sqlalchemy.engine.Engine [raw sql] ()
2025-09-27 12:50:01,661 INFO sqlalchemy.engine.Engine show standard_conforming_strings
2025-09-27 12:50:01,661 INFO sqlalchemy.engine.Engine [raw sql] ()
2025-09-27 12:50:01,662 INFO sqlalchemy.engine.Engine BEGIN (implicit)
2025-09-27 12:50:01,662 INFO sqlalchemy.engine.Engine SELECT 1
2025-09-27 12:50:01,662 INFO sqlalchemy.engine.Engine [generated in 0.00005s] ()
✅ Database connection successful
2025-09-27 12:50:01,663 INFO sqlalchemy.engine.Engine SELECT tablename FROM pg_tables WHERE schemaname = 'public'
2025-09-27 12:50:01,663 INFO sqlalchemy.engine.Engine [generated in 0.00005s] ()
📊 Found 5 tables: ['bot_status', 'profit_data', 'strategies', 'trades', 'connected_wallets']
2025-09-27 12:50:01,664 INFO sqlalchemy.engine.Engine COMMIT
INFO:     Application startup complete.
🔄 Fetching balance for user wallet: 2VyHQNXD62CqjHGbNkG8CZ1iVP9GRvcmss3gJDNQ1LVJ
2025-09-27 12:50:03,875 INFO sqlalchemy.engine.Engine BEGIN (implicit)
2025-09-27 12:50:03,875 INFO sqlalchemy.engine.Engine 
                SELECT trade_id, token_symbol, action, price, profit_loss, status,
                       wallet_address, input_token, output_token, input_amount, output_amount,
                       trade_action, signature, fee_sol, timestamp, created_at
                FROM trades
                ORDER BY created_at DESC
                LIMIT $1
            
2025-09-27 12:50:03,875 INFO sqlalchemy.engine.Engine [generated in 0.00011s] (5,)
2025-09-27 12:50:03,889 INFO sqlalchemy.engine.Engine ROLLBACK
INFO:     127.0.0.1:51502 - "GET /api/wallet/trades?limit=5 HTTP/1.1" 200 OK
✅ Loaded bot wallet from DB: B5CFkECN9FpVrQiYF5X2du3PoRSUtVBEYLV6AFg6uZBw
🤖 Using bot wallet: B5CFkECN9FpVrQiYF5X2du3PoRSUtVBEYLV6AFg6uZBw
🔄 Fetching ALL live token balances...
✅ User balance fetched: 0.008279885 SOL
INFO:     127.0.0.1:51498 - "GET /api/wallet/balance/2VyHQNXD62CqjHGbNkG8CZ1iVP9GRvcmss3gJDNQ1LVJ HTTP/1.1" 200 OK
💰 Found 3 tokens on blockchain
✅ Updated tokens for B5CFkECN9FpVrQiYF5X2du3PoRSUtVBEYLV6AFg6uZBw: 3 tokens
📊 Active tokens (2):
  SOL: 0.035849048
  USDT: 0.000873
INFO:     127.0.0.1:51500 - "GET /api/wallet/bot-wallet-live HTTP/1.1" 200 OK
💸 Creating withdrawal: 0.0358 SOL from bot to 2VyHQNXD62CqjHGbNkG8CZ1iVP9GRvcmss3gJDNQ1LVJ
✅ Loaded bot wallet from DB: B5CFkECN9FpVrQiYF5X2du3PoRSUtVBEYLV6AFg6uZBw
❌ Error creating withdrawal: SendTransactionPreflightFailureMessage { message: "Transaction simulation failed: Transaction results in an account (0) with insufficient funds for rent", data: RpcSimulateTransactionResult(RpcSimulateTransactionResult { err: Some(InsufficientFundsForRent { account_index: 0 }), logs: Some(["Program 11111111111111111111111111111111 invoke [1]", "Program 11111111111111111111111111111111 success"]), accounts: None, units_consumed: Some(150), return_data: None, inner_instructions: None, replacement_blockhash: None }) }
INFO:     127.0.0.1:51531 - "POST /api/wallet/withdraw-from-bot HTTP/1.1" 500 Internal Server Error
🔄 Fetching balance for user wallet: 2VyHQNXD62CqjHGbNkG8CZ1iVP9GRvcmss3gJDNQ1LVJ
2025-09-27 12:50:16,594 INFO sqlalchemy.engine.Engine BEGIN (implicit)
2025-09-27 12:50:16,594 INFO sqlalchemy.engine.Engine 
                SELECT trade_id, token_symbol, action, price, profit_loss, status,
                       wallet_address, input_token, output_token, input_amount, output_amount,
                       trade_action, signature, fee_sol, timestamp, created_at
                FROM trades
                ORDER BY created_at DESC
                LIMIT $1
            
2025-09-27 12:50:16,594 INFO sqlalchemy.engine.Engine [cached since 12.72s ago] (5,)
2025-09-27 12:50:16,595 INFO sqlalchemy.engine.Engine ROLLBACK
INFO:     127.0.0.1:51579 - "GET /api/wallet/trades?limit=5 HTTP/1.1" 200 OK
✅ Loaded bot wallet from DB: B5CFkECN9FpVrQiYF5X2du3PoRSUtVBEYLV6AFg6uZBw
🤖 Using bot wallet: B5CFkECN9FpVrQiYF5X2du3PoRSUtVBEYLV6AFg6uZBw
🔄 Fetching ALL live token balances...
✅ User balance fetched: 0.008279885 SOL
INFO:     127.0.0.1:51575 - "GET /api/wallet/balance/2VyHQNXD62CqjHGbNkG8CZ1iVP9GRvcmss3gJDNQ1LVJ HTTP/1.1" 200 OK
💰 Found 3 tokens on blockchain
✅ Updated tokens for B5CFkECN9FpVrQiYF5X2du3PoRSUtVBEYLV6AFg6uZBw: 3 tokens
📊 Active tokens (2):
  SOL: 0.035849048
  USDT: 0.000873
INFO:     127.0.0.1:51577 - "GET /api/wallet/bot-wallet-live HTTP/1.1" 200 OK
💸 Creating withdrawal: 0.0357 SOL from bot to 2VyHQNXD62CqjHGbNkG8CZ1iVP9GRvcmss3gJDNQ1LVJ
✅ Loaded bot wallet from DB: B5CFkECN9FpVrQiYF5X2du3PoRSUtVBEYLV6AFg6uZBw
❌ Error creating withdrawal: SendTransactionPreflightFailureMessage { message: "Transaction simulation failed: Transaction results in an account (0) with insufficient funds for rent", data: RpcSimulateTransactionResult(RpcSimulateTransactionResult { err: Some(InsufficientFundsForRent { account_index: 0 }), logs: Some(["Program 11111111111111111111111111111111 invoke [1]", "Program 11111111111111111111111111111111 success"]), accounts: None, units_consumed: Some(150), return_data: None, inner_instructions: None, replacement_blockhash: None }) }
INFO:     127.0.0.1:51618 - "POST /api/wallet/withdraw-from-bot HTTP/1.1" 500 Internal Server Error
🔄 Fetching balance for user wallet: 2VyHQNXD62CqjHGbNkG8CZ1iVP9GRvcmss3gJDNQ1LVJ
2025-09-27 12:50:31,386 INFO sqlalchemy.engine.Engine BEGIN (implicit)
2025-09-27 12:50:31,386 INFO sqlalchemy.engine.Engine 
                SELECT trade_id, token_symbol, action, price, profit_loss, status,
                       wallet_address, input_token, output_token, input_amount, output_amount,
                       trade_action, signature, fee_sol, timestamp, created_at
                FROM trades
                ORDER BY created_at DESC
                LIMIT $1
            
2025-09-27 12:50:31,387 INFO sqlalchemy.engine.Engine [cached since 27.51s ago] (5,)
2025-09-27 12:50:31,388 INFO sqlalchemy.engine.Engine ROLLBACK
INFO:     127.0.0.1:51666 - "GET /api/wallet/trades?limit=5 HTTP/1.1" 200 OK
✅ Loaded bot wallet from DB: B5CFkECN9FpVrQiYF5X2du3PoRSUtVBEYLV6AFg6uZBw
🤖 Using bot wallet: B5CFkECN9FpVrQiYF5X2du3PoRSUtVBEYLV6AFg6uZBw
🔄 Fetching ALL live token balances...
✅ User balance fetched: 0.008279885 SOL
INFO:     127.0.0.1:51662 - "GET /api/wallet/balance/2VyHQNXD62CqjHGbNkG8CZ1iVP9GRvcmss3gJDNQ1LVJ HTTP/1.1" 200 OK
💰 Found 3 tokens on blockchain
✅ Updated tokens for B5CFkECN9FpVrQiYF5X2du3PoRSUtVBEYLV6AFg6uZBw: 3 tokens
📊 Active tokens (2):
  SOL: 0.035849048
  USDT: 0.000873
INFO:     127.0.0.1:51664 - "GET /api/wallet/bot-wallet-live HTTP/1.1" 200 OK
💸 Creating withdrawal: 0.034 SOL from bot to 2VyHQNXD62CqjHGbNkG8CZ1iVP9GRvcmss3gJDNQ1LVJ
✅ Loaded bot wallet from DB: B5CFkECN9FpVrQiYF5X2du3PoRSUtVBEYLV6AFg6uZBw
✅ Withdrawal successful: 3twYzXv8kzLckWXSnqM4jnmYbtrf98aAr8ABiApZHn9aXMAw81EFUqHWt3mXk4uf2iVwxNMf2nUHA9VS3978X3kd
INFO:     127.0.0.1:51700 - "POST /api/wallet/withdraw-from-bot HTTP/1.1" 200 OK
🔄 Fetching balance for user wallet: 2VyHQNXD62CqjHGbNkG8CZ1iVP9GRvcmss3gJDNQ1LVJ
✅ User balance fetched: 0.008279885 SOL
INFO:     127.0.0.1:51700 - "GET /api/wallet/balance/2VyHQNXD62CqjHGbNkG8CZ1iVP9GRvcmss3gJDNQ1LVJ HTTP/1.1" 200 OK
✅ Loaded bot wallet from DB: B5CFkECN9FpVrQiYF5X2du3PoRSUtVBEYLV6AFg6uZBw
🤖 Using bot wallet: B5CFkECN9FpVrQiYF5X2du3PoRSUtVBEYLV6AFg6uZBw
🔄 Fetching ALL live token balances...
💰 Found 3 tokens on blockchain
✅ Updated tokens for B5CFkECN9FpVrQiYF5X2du3PoRSUtVBEYLV6AFg6uZBw: 3 tokens
📊 Active tokens (2):
  SOL: 0.035849048
  USDT: 0.000873
INFO:     127.0.0.1:51700 - "GET /api/wallet/bot-wallet-live HTTP/1.1" 200 OK
🔄 Fetching balance for user wallet: 2VyHQNXD62CqjHGbNkG8CZ1iVP9GRvcmss3gJDNQ1LVJ
2025-09-27 12:50:41,865 INFO sqlalchemy.engine.Engine BEGIN (implicit)
2025-09-27 12:50:41,865 INFO sqlalchemy.engine.Engine 
                SELECT trade_id, token_symbol, action, price, profit_loss, status,
                       wallet_address, input_token, output_token, input_amount, output_amount,
                       trade_action, signature, fee_sol, timestamp, created_at
                FROM trades
                ORDER BY created_at DESC
                LIMIT $1
            
2025-09-27 12:50:41,865 INFO sqlalchemy.engine.Engine [cached since 37.99s ago] (5,)
2025-09-27 12:50:41,866 INFO sqlalchemy.engine.Engine ROLLBACK
INFO:     127.0.0.1:51735 - "GET /api/wallet/trades?limit=5 HTTP/1.1" 200 OK
✅ Loaded bot wallet from DB: B5CFkECN9FpVrQiYF5X2du3PoRSUtVBEYLV6AFg6uZBw
🤖 Using bot wallet: B5CFkECN9FpVrQiYF5X2du3PoRSUtVBEYLV6AFg6uZBw
🔄 Fetching ALL live token balances...
✅ User balance fetched: 0.008279885 SOL
INFO:     127.0.0.1:51700 - "GET /api/wallet/balance/2VyHQNXD62CqjHGbNkG8CZ1iVP9GRvcmss3gJDNQ1LVJ HTTP/1.1" 200 OK
💰 Found 3 tokens on blockchain
✅ Updated tokens for B5CFkECN9FpVrQiYF5X2du3PoRSUtVBEYLV6AFg6uZBw: 3 tokens
📊 Active tokens (2):
  SOL: 0.035849048
  USDT: 0.000873
INFO:     127.0.0.1:51734 - "GET /api/wallet/bot-wallet-live HTTP/1.1" 200 OK
🔄 Fetching balance for user wallet: 2VyHQNXD62CqjHGbNkG8CZ1iVP9GRvcmss3gJDNQ1LVJ
2025-09-27 12:50:44,922 INFO sqlalchemy.engine.Engine BEGIN (implicit)
2025-09-27 12:50:44,922 INFO sqlalchemy.engine.Engine 
                SELECT trade_id, token_symbol, action, price, profit_loss, status,
                       wallet_address, input_token, output_token, input_amount, output_amount,
                       trade_action, signature, fee_sol, timestamp, created_at
                FROM trades
                ORDER BY created_at DESC
                LIMIT $1
            
2025-09-27 12:50:44,922 INFO sqlalchemy.engine.Engine [cached since 41.05s ago] (5,)
2025-09-27 12:50:44,923 INFO sqlalchemy.engine.Engine ROLLBACK
INFO:     127.0.0.1:51735 - "GET /api/wallet/trades?limit=5 HTTP/1.1" 200 OK
✅ Loaded bot wallet from DB: B5CFkECN9FpVrQiYF5X2du3PoRSUtVBEYLV6AFg6uZBw
🤖 Using bot wallet: B5CFkECN9FpVrQiYF5X2du3PoRSUtVBEYLV6AFg6uZBw
🔄 Fetching ALL live token balances...
✅ User balance fetched: 0.008279885 SOL
INFO:     127.0.0.1:51734 - "GET /api/wallet/balance/2VyHQNXD62CqjHGbNkG8CZ1iVP9GRvcmss3gJDNQ1LVJ HTTP/1.1" 200 OK
💰 Found 1 tokens on blockchain
✅ Updated tokens for B5CFkECN9FpVrQiYF5X2du3PoRSUtVBEYLV6AFg6uZBw: 1 tokens
📊 Active tokens (1):
  SOL: 0.035849048
INFO:     127.0.0.1:51700 - "GET /api/wallet/bot-wallet-live HTTP/1.1" 200 OK
🔄 Fetching balance for user wallet: 2VyHQNXD62CqjHGbNkG8CZ1iVP9GRvcmss3gJDNQ1LVJ
2025-09-27 12:50:48,089 INFO sqlalchemy.engine.Engine BEGIN (implicit)
2025-09-27 12:50:48,089 INFO sqlalchemy.engine.Engine 
                SELECT trade_id, token_symbol, action, price, profit_loss, status,
                       wallet_address, input_token, output_token, input_amount, output_amount,
                       trade_action, signature, fee_sol, timestamp, created_at
                FROM trades
                ORDER BY created_at DESC
                LIMIT $1
            
2025-09-27 12:50:48,089 INFO sqlalchemy.engine.Engine [cached since 44.21s ago] (5,)
2025-09-27 12:50:48,090 INFO sqlalchemy.engine.Engine ROLLBACK
INFO:     127.0.0.1:51735 - "GET /api/wallet/trades?limit=5 HTTP/1.1" 200 OK
✅ Loaded bot wallet from DB: B5CFkECN9FpVrQiYF5X2du3PoRSUtVBEYLV6AFg6uZBw
🤖 Using bot wallet: B5CFkECN9FpVrQiYF5X2du3PoRSUtVBEYLV6AFg6uZBw
🔄 Fetching ALL live token balances...
✅ User balance fetched: 0.008279885 SOL
INFO:     127.0.0.1:51700 - "GET /api/wallet/balance/2VyHQNXD62CqjHGbNkG8CZ1iVP9GRvcmss3gJDNQ1LVJ HTTP/1.1" 200 OK
💰 Found 1 tokens on blockchain
✅ Updated tokens for B5CFkECN9FpVrQiYF5X2du3PoRSUtVBEYLV6AFg6uZBw: 1 tokens
📊 Active tokens (1):
  SOL: 0.035849048
INFO:     127.0.0.1:51734 - "GET /api/wallet/bot-wallet-live HTTP/1.1" 200 OK
💸 Creating withdrawal: 0.034 SOL from bot to 2VyHQNXD62CqjHGbNkG8CZ1iVP9GRvcmss3gJDNQ1LVJ
✅ Loaded bot wallet from DB: B5CFkECN9FpVrQiYF5X2du3PoRSUtVBEYLV6AFg6uZBw
❌ Error creating withdrawal: 400: Insufficient bot wallet balance. Available: 0.001844048 SOL
INFO:     127.0.0.1:51815 - "POST /api/wallet/withdraw-from-bot HTTP/1.1" 500 Internal Server Error
🔄 Fetching balance for user wallet: 2VyHQNXD62CqjHGbNkG8CZ1iVP9GRvcmss3gJDNQ1LVJ
2025-09-27 12:51:01,353 INFO sqlalchemy.engine.Engine BEGIN (implicit)
2025-09-27 12:51:01,353 INFO sqlalchemy.engine.Engine 
                SELECT trade_id, token_symbol, action, price, profit_loss, status,
                       wallet_address, input_token, output_token, input_amount, output_amount,
                       trade_action, signature, fee_sol, timestamp, created_at
                FROM trades
                ORDER BY created_at DESC
                LIMIT $1
            
2025-09-27 12:51:01,353 INFO sqlalchemy.engine.Engine [cached since 57.48s ago] (5,)
2025-09-27 12:51:01,354 INFO sqlalchemy.engine.Engine ROLLBACK
INFO:     127.0.0.1:51840 - "GET /api/wallet/trades?limit=5 HTTP/1.1" 200 OK
✅ Loaded bot wallet from DB: B5CFkECN9FpVrQiYF5X2du3PoRSUtVBEYLV6AFg6uZBw
🤖 Using bot wallet: B5CFkECN9FpVrQiYF5X2du3PoRSUtVBEYLV6AFg6uZBw
🔄 Fetching ALL live token balances...
✅ User balance fetched: 0.042279885 SOL
INFO:     127.0.0.1:51815 - "GET /api/wallet/balance/2VyHQNXD62CqjHGbNkG8CZ1iVP9GRvcmss3gJDNQ1LVJ HTTP/1.1" 200 OK
💰 Found 3 tokens on blockchain
✅ Updated tokens for B5CFkECN9FpVrQiYF5X2du3PoRSUtVBEYLV6AFg6uZBw: 3 tokens
📊 Active tokens (2):
  SOL: 0.001844048
  USDT: 0.000873
INFO:     127.0.0.1:51839 - "GET /api/wallet/bot-wallet-live HTTP/1.1" 200 OK
🔄 Fetching balance for user wallet: 2VyHQNXD62CqjHGbNkG8CZ1iVP9GRvcmss3gJDNQ1LVJ
✅ Loaded bot wallet from DB: B5CFkECN9FpVrQiYF5X2du3PoRSUtVBEYLV6AFg6uZBw
🤖 Using bot wallet: B5CFkECN9FpVrQiYF5X2du3PoRSUtVBEYLV6AFg6uZBw
🔄 Fetching ALL live token balances...
✅ User balance fetched: 0.042279885 SOL
INFO:     127.0.0.1:51991 - "GET /api/wallet/balance/2VyHQNXD62CqjHGbNkG8CZ1iVP9GRvcmss3gJDNQ1LVJ HTTP/1.1" 200 OK
💰 Found 3 tokens on blockchain
✅ Updated tokens for B5CFkECN9FpVrQiYF5X2du3PoRSUtVBEYLV6AFg6uZBw: 3 tokens
📊 Active tokens (2):
  SOL: 0.001844048
  USDT: 0.000873
INFO:     127.0.0.1:51992 - "GET /api/wallet/bot-wallet-live HTTP/1.1" 200 OK
🔄 Fetching balance for user wallet: 2VyHQNXD62CqjHGbNkG8CZ1iVP9GRvcmss3gJDNQ1LVJ
✅ Loaded bot wallet from DB: B5CFkECN9FpVrQiYF5X2du3PoRSUtVBEYLV6AFg6uZBw
🤖 Using bot wallet: B5CFkECN9FpVrQiYF5X2du3PoRSUtVBEYLV6AFg6uZBw
🔄 Fetching ALL live token balances...
✅ User balance fetched: 0.042279885 SOL
INFO:     127.0.0.1:52126 - "GET /api/wallet/balance/2VyHQNXD62CqjHGbNkG8CZ1iVP9GRvcmss3gJDNQ1LVJ HTTP/1.1" 200 OK
💰 Found 3 tokens on blockchain
✅ Updated tokens for B5CFkECN9FpVrQiYF5X2du3PoRSUtVBEYLV6AFg6uZBw: 3 tokens
📊 Active tokens (2):
  SOL: 0.001844048
  USDT: 0.000873
INFO:     127.0.0.1:52128 - "GET /api/wallet/bot-wallet-live HTTP/1.1" 200 OK
🔄 Fetching balance for user wallet: 2VyHQNXD62CqjHGbNkG8CZ1iVP9GRvcmss3gJDNQ1LVJ
✅ Loaded bot wallet from DB: B5CFkECN9FpVrQiYF5X2du3PoRSUtVBEYLV6AFg6uZBw
🤖 Using bot wallet: B5CFkECN9FpVrQiYF5X2du3PoRSUtVBEYLV6AFg6uZBw
🔄 Fetching ALL live token balances...
✅ User balance fetched: 0.042279885 SOL
INFO:     127.0.0.1:52257 - "GET /api/wallet/balance/2VyHQNXD62CqjHGbNkG8CZ1iVP9GRvcmss3gJDNQ1LVJ HTTP/1.1" 200 OK
💰 Found 3 tokens on blockchain
✅ Updated tokens for B5CFkECN9FpVrQiYF5X2du3PoRSUtVBEYLV6AFg6uZBw: 3 tokens
📊 Active tokens (2):
  SOL: 0.001844048
  USDT: 0.000873
INFO:     127.0.0.1:52258 - "GET /api/wallet/bot-wallet-live HTTP/1.1" 200 OK
🔄 Fetching balance for user wallet: 2VyHQNXD62CqjHGbNkG8CZ1iVP9GRvcmss3gJDNQ1LVJ
✅ Loaded bot wallet from DB: B5CFkECN9FpVrQiYF5X2du3PoRSUtVBEYLV6AFg6uZBw
🤖 Using bot wallet: B5CFkECN9FpVrQiYF5X2du3PoRSUtVBEYLV6AFg6uZBw
🔄 Fetching ALL live token balances...
✅ User balance fetched: 0.042279885 SOL
INFO:     127.0.0.1:52390 - "GET /api/wallet/balance/2VyHQNXD62CqjHGbNkG8CZ1iVP9GRvcmss3gJDNQ1LVJ HTTP/1.1" 200 OK
💰 Found 3 tokens on blockchain
✅ Updated tokens for B5CFkECN9FpVrQiYF5X2du3PoRSUtVBEYLV6AFg6uZBw: 3 tokens
📊 Active tokens (2):
  SOL: 0.001844048
  USDT: 0.000873
INFO:     127.0.0.1:52391 - "GET /api/wallet/bot-wallet-live HTTP/1.1" 200 OK
🔄 Fetching balance for user wallet: 2VyHQNXD62CqjHGbNkG8CZ1iVP9GRvcmss3gJDNQ1LVJ
✅ Loaded bot wallet from DB: B5CFkECN9FpVrQiYF5X2du3PoRSUtVBEYLV6AFg6uZBw
🤖 Using bot wallet: B5CFkECN9FpVrQiYF5X2du3PoRSUtVBEYLV6AFg6uZBw
🔄 Fetching ALL live token balances...
✅ User balance fetched: 0.042279885 SOL
INFO:     127.0.0.1:52539 - "GET /api/wallet/balance/2VyHQNXD62CqjHGbNkG8CZ1iVP9GRvcmss3gJDNQ1LVJ HTTP/1.1" 200 OK
💰 Found 3 tokens on blockchain
✅ Updated tokens for B5CFkECN9FpVrQiYF5X2du3PoRSUtVBEYLV6AFg6uZBw: 3 tokens
📊 Active tokens (2):
  SOL: 0.001844048
  USDT: 0.000873
INFO:     127.0.0.1:52541 - "GET /api/wallet/bot-wallet-live HTTP/1.1" 200 OK
🔄 Fetching balance for user wallet: 2VyHQNXD62CqjHGbNkG8CZ1iVP9GRvcmss3gJDNQ1LVJ
✅ Loaded bot wallet from DB: B5CFkECN9FpVrQiYF5X2du3PoRSUtVBEYLV6AFg6uZBw
🤖 Using bot wallet: B5CFkECN9FpVrQiYF5X2du3PoRSUtVBEYLV6AFg6uZBw
🔄 Fetching ALL live token balances...
✅ User balance fetched: 0.042279885 SOL
INFO:     127.0.0.1:52684 - "GET /api/wallet/balance/2VyHQNXD62CqjHGbNkG8CZ1iVP9GRvcmss3gJDNQ1LVJ HTTP/1.1" 200 OK
💰 Found 3 tokens on blockchain
✅ Updated tokens for B5CFkECN9FpVrQiYF5X2du3PoRSUtVBEYLV6AFg6uZBw: 3 tokens
📊 Active tokens (2):
  SOL: 0.001844048
  USDT: 0.000873
INFO:     127.0.0.1:52686 - "GET /api/wallet/bot-wallet-live HTTP/1.1" 200 OK
🔄 Fetching balance for user wallet: 2VyHQNXD62CqjHGbNkG8CZ1iVP9GRvcmss3gJDNQ1LVJ
✅ Loaded bot wallet from DB: B5CFkECN9FpVrQiYF5X2du3PoRSUtVBEYLV6AFg6uZBw
🤖 Using bot wallet: B5CFkECN9FpVrQiYF5X2du3PoRSUtVBEYLV6AFg6uZBw
🔄 Fetching ALL live token balances...
✅ User balance fetched: 0.042279885 SOL
INFO:     127.0.0.1:52831 - "GET /api/wallet/balance/2VyHQNXD62CqjHGbNkG8CZ1iVP9GRvcmss3gJDNQ1LVJ HTTP/1.1" 200 OK
💰 Found 3 tokens on blockchain
✅ Updated tokens for B5CFkECN9FpVrQiYF5X2du3PoRSUtVBEYLV6AFg6uZBw: 3 tokens
📊 Active tokens (2):
  SOL: 0.001844048
  USDT: 0.000873
INFO:     127.0.0.1:52832 - "GET /api/wallet/bot-wallet-live HTTP/1.1" 200 OK
WARNING:  WatchFiles detected changes in 'app/core/price_tracker.py'. Reloading...
INFO:     Shutting down
INFO:     Waiting for application shutdown.
INFO:     Application shutdown complete.
INFO:     Finished server process [61493]
INFO:     Started server process [66771]
INFO:     Waiting for application startup.
2025-09-27 12:54:53,103 INFO sqlalchemy.engine.Engine select pg_catalog.version()
2025-09-27 12:54:53,103 INFO sqlalchemy.engine.Engine [raw sql] ()
2025-09-27 12:54:53,105 INFO sqlalchemy.engine.Engine select current_schema()
2025-09-27 12:54:53,105 INFO sqlalchemy.engine.Engine [raw sql] ()
2025-09-27 12:54:53,106 INFO sqlalchemy.engine.Engine show standard_conforming_strings
2025-09-27 12:54:53,106 INFO sqlalchemy.engine.Engine [raw sql] ()
2025-09-27 12:54:53,107 INFO sqlalchemy.engine.Engine BEGIN (implicit)
2025-09-27 12:54:53,107 INFO sqlalchemy.engine.Engine SELECT 1
2025-09-27 12:54:53,107 INFO sqlalchemy.engine.Engine [generated in 0.00004s] ()
✅ Database connection successful
2025-09-27 12:54:53,109 INFO sqlalchemy.engine.Engine SELECT tablename FROM pg_tables WHERE schemaname = 'public'
2025-09-27 12:54:53,109 INFO sqlalchemy.engine.Engine [generated in 0.00004s] ()
📊 Found 5 tables: ['bot_status', 'profit_data', 'strategies', 'trades', 'connected_wallets']
2025-09-27 12:54:53,111 INFO sqlalchemy.engine.Engine COMMIT
INFO:     Application startup complete.
WARNING:  WatchFiles detected changes in 'app/core/price_tracker.py'. Reloading...
INFO:     Shutting down
INFO:     Waiting for application shutdown.
INFO:     Application shutdown complete.
INFO:     Finished server process [66771]
INFO:     Started server process [66985]
INFO:     Waiting for application startup.
2025-09-27 12:55:01,134 INFO sqlalchemy.engine.Engine select pg_catalog.version()
2025-09-27 12:55:01,134 INFO sqlalchemy.engine.Engine [raw sql] ()
2025-09-27 12:55:01,135 INFO sqlalchemy.engine.Engine select current_schema()
2025-09-27 12:55:01,135 INFO sqlalchemy.engine.Engine [raw sql] ()
2025-09-27 12:55:01,137 INFO sqlalchemy.engine.Engine show standard_conforming_strings
2025-09-27 12:55:01,137 INFO sqlalchemy.engine.Engine [raw sql] ()
2025-09-27 12:55:01,139 INFO sqlalchemy.engine.Engine BEGIN (implicit)
2025-09-27 12:55:01,139 INFO sqlalchemy.engine.Engine SELECT 1
2025-09-27 12:55:01,139 INFO sqlalchemy.engine.Engine [generated in 0.00005s] ()
✅ Database connection successful
2025-09-27 12:55:01,140 INFO sqlalchemy.engine.Engine SELECT tablename FROM pg_tables WHERE schemaname = 'public'
2025-09-27 12:55:01,140 INFO sqlalchemy.engine.Engine [generated in 0.00004s] ()
📊 Found 5 tables: ['bot_status', 'profit_data', 'strategies', 'trades', 'connected_wallets']
2025-09-27 12:55:01,142 INFO sqlalchemy.engine.Engine COMMIT
INFO:     Application startup complete.
🔄 Fetching balance for user wallet: 2VyHQNXD62CqjHGbNkG8CZ1iVP9GRvcmss3gJDNQ1LVJ
✅ Loaded bot wallet from DB: B5CFkECN9FpVrQiYF5X2du3PoRSUtVBEYLV6AFg6uZBw
🤖 Using bot wallet: B5CFkECN9FpVrQiYF5X2du3PoRSUtVBEYLV6AFg6uZBw
🔄 Fetching ALL live token balances...
✅ User balance fetched: 0.042279885 SOL
INFO:     127.0.0.1:52974 - "GET /api/wallet/balance/2VyHQNXD62CqjHGbNkG8CZ1iVP9GRvcmss3gJDNQ1LVJ HTTP/1.1" 200 OK
💰 Found 3 tokens on blockchain
✅ Updated tokens for B5CFkECN9FpVrQiYF5X2du3PoRSUtVBEYLV6AFg6uZBw: 3 tokens
📊 Active tokens (2):
  SOL: 0.001844048
  USDT: 0.000873
INFO:     127.0.0.1:52976 - "GET /api/wallet/bot-wallet-live HTTP/1.1" 200 OK
WARNING:  WatchFiles detected changes in 'app/core/price_tracker.py'. Reloading...
INFO:     Shutting down
INFO:     Waiting for application shutdown.
INFO:     Application shutdown complete.
INFO:     Finished server process [66985]
INFO:     Started server process [67024]
INFO:     Waiting for application startup.
2025-09-27 12:55:03,224 INFO sqlalchemy.engine.Engine select pg_catalog.version()
2025-09-27 12:55:03,224 INFO sqlalchemy.engine.Engine [raw sql] ()
2025-09-27 12:55:03,226 INFO sqlalchemy.engine.Engine select current_schema()
2025-09-27 12:55:03,226 INFO sqlalchemy.engine.Engine [raw sql] ()
2025-09-27 12:55:03,229 INFO sqlalchemy.engine.Engine show standard_conforming_strings
2025-09-27 12:55:03,229 INFO sqlalchemy.engine.Engine [raw sql] ()
2025-09-27 12:55:03,230 INFO sqlalchemy.engine.Engine BEGIN (implicit)
2025-09-27 12:55:03,230 INFO sqlalchemy.engine.Engine SELECT 1
2025-09-27 12:55:03,230 INFO sqlalchemy.engine.Engine [generated in 0.00007s] ()
✅ Database connection successful
2025-09-27 12:55:03,232 INFO sqlalchemy.engine.Engine SELECT tablename FROM pg_tables WHERE schemaname = 'public'
2025-09-27 12:55:03,232 INFO sqlalchemy.engine.Engine [generated in 0.00005s] ()
📊 Found 5 tables: ['bot_status', 'profit_data', 'strategies', 'trades', 'connected_wallets']
2025-09-27 12:55:03,234 INFO sqlalchemy.engine.Engine COMMIT
INFO:     Application startup complete.
🔄 Fetching balance for user wallet: 2VyHQNXD62CqjHGbNkG8CZ1iVP9GRvcmss3gJDNQ1LVJ
✅ Loaded bot wallet from DB: B5CFkECN9FpVrQiYF5X2du3PoRSUtVBEYLV6AFg6uZBw
🤖 Using bot wallet: B5CFkECN9FpVrQiYF5X2du3PoRSUtVBEYLV6AFg6uZBw
🔄 Fetching ALL live token balances...
✅ User balance fetched: 0.042279885 SOL
INFO:     127.0.0.1:53124 - "GET /api/wallet/balance/2VyHQNXD62CqjHGbNkG8CZ1iVP9GRvcmss3gJDNQ1LVJ HTTP/1.1" 200 OK
💰 Found 3 tokens on blockchain
✅ Updated tokens for B5CFkECN9FpVrQiYF5X2du3PoRSUtVBEYLV6AFg6uZBw: 3 tokens
📊 Active tokens (2):
  SOL: 0.001844048
  USDT: 0.000873
INFO:     127.0.0.1:53125 - "GET /api/wallet/bot-wallet-live HTTP/1.1" 200 OK
🔄 Fetching balance for user wallet: 2VyHQNXD62CqjHGbNkG8CZ1iVP9GRvcmss3gJDNQ1LVJ
✅ Loaded bot wallet from DB: B5CFkECN9FpVrQiYF5X2du3PoRSUtVBEYLV6AFg6uZBw
🤖 Using bot wallet: B5CFkECN9FpVrQiYF5X2du3PoRSUtVBEYLV6AFg6uZBw
🔄 Fetching ALL live token balances...
✅ User balance fetched: 0.042279885 SOL
INFO:     127.0.0.1:53266 - "GET /api/wallet/balance/2VyHQNXD62CqjHGbNkG8CZ1iVP9GRvcmss3gJDNQ1LVJ HTTP/1.1" 200 OK
💰 Found 3 tokens on blockchain
✅ Updated tokens for B5CFkECN9FpVrQiYF5X2du3PoRSUtVBEYLV6AFg6uZBw: 3 tokens
📊 Active tokens (2):
  SOL: 0.001844048
  USDT: 0.000873
INFO:     127.0.0.1:53268 - "GET /api/wallet/bot-wallet-live HTTP/1.1" 200 OK
WARNING:  WatchFiles detected changes in 'app/core/simple_price_tracker.py'. Reloading...
INFO:     Shutting down
INFO:     Waiting for application shutdown.
INFO:     Application shutdown complete.
INFO:     Finished server process [67024]
WARNING:  WatchFiles detected changes in 'app/core/simple_price_tracker.py'. Reloading...
INFO:     Started server process [68520]
INFO:     Waiting for application startup.
2025-09-27 12:56:22,601 INFO sqlalchemy.engine.Engine select pg_catalog.version()
2025-09-27 12:56:22,601 INFO sqlalchemy.engine.Engine [raw sql] ()
2025-09-27 12:56:22,603 INFO sqlalchemy.engine.Engine select current_schema()
2025-09-27 12:56:22,603 INFO sqlalchemy.engine.Engine [raw sql] ()
2025-09-27 12:56:22,604 INFO sqlalchemy.engine.Engine show standard_conforming_strings
2025-09-27 12:56:22,604 INFO sqlalchemy.engine.Engine [raw sql] ()
2025-09-27 12:56:22,605 INFO sqlalchemy.engine.Engine BEGIN (implicit)
2025-09-27 12:56:22,606 INFO sqlalchemy.engine.Engine SELECT 1
2025-09-27 12:56:22,606 INFO sqlalchemy.engine.Engine [generated in 0.00005s] ()
✅ Database connection successful
2025-09-27 12:56:22,607 INFO sqlalchemy.engine.Engine SELECT tablename FROM pg_tables WHERE schemaname = 'public'
2025-09-27 12:56:22,607 INFO sqlalchemy.engine.Engine [generated in 0.00006s] ()
📊 Found 6 tables: ['bot_status', 'profit_data', 'strategies', 'trades', 'connected_wallets', 'price_data']
2025-09-27 12:56:22,609 INFO sqlalchemy.engine.Engine COMMIT
INFO:     Application startup complete.
INFO:     Started server process [68537]
INFO:     Waiting for application startup.
2025-09-27 12:56:23,082 INFO sqlalchemy.engine.Engine select pg_catalog.version()
2025-09-27 12:56:23,082 INFO sqlalchemy.engine.Engine [raw sql] ()
2025-09-27 12:56:23,084 INFO sqlalchemy.engine.Engine select current_schema()
2025-09-27 12:56:23,084 INFO sqlalchemy.engine.Engine [raw sql] ()
2025-09-27 12:56:23,086 INFO sqlalchemy.engine.Engine show standard_conforming_strings
2025-09-27 12:56:23,086 INFO sqlalchemy.engine.Engine [raw sql] ()
2025-09-27 12:56:23,087 INFO sqlalchemy.engine.Engine BEGIN (implicit)
2025-09-27 12:56:23,087 INFO sqlalchemy.engine.Engine SELECT 1
2025-09-27 12:56:23,087 INFO sqlalchemy.engine.Engine [generated in 0.00010s] ()
✅ Database connection successful
2025-09-27 12:56:23,089 INFO sqlalchemy.engine.Engine SELECT tablename FROM pg_tables WHERE schemaname = 'public'
2025-09-27 12:56:23,089 INFO sqlalchemy.engine.Engine [generated in 0.00010s] ()
📊 Found 6 tables: ['bot_status', 'profit_data', 'strategies', 'trades', 'connected_wallets', 'price_data']
2025-09-27 12:56:23,092 INFO sqlalchemy.engine.Engine COMMIT
INFO:     Application startup complete.
WARNING:  WatchFiles detected changes in 'app/core/simple_price_tracker.py'. Reloading...
INFO:     Shutting down
INFO:     Waiting for application shutdown.
INFO:     Application shutdown complete.
INFO:     Finished server process [68537]
INFO:     Started server process [68583]
INFO:     Waiting for application startup.
2025-09-27 12:56:24,783 INFO sqlalchemy.engine.Engine select pg_catalog.version()
2025-09-27 12:56:24,783 INFO sqlalchemy.engine.Engine [raw sql] ()
2025-09-27 12:56:24,784 INFO sqlalchemy.engine.Engine select current_schema()
2025-09-27 12:56:24,784 INFO sqlalchemy.engine.Engine [raw sql] ()
2025-09-27 12:56:24,786 INFO sqlalchemy.engine.Engine show standard_conforming_strings
2025-09-27 12:56:24,786 INFO sqlalchemy.engine.Engine [raw sql] ()
2025-09-27 12:56:24,787 INFO sqlalchemy.engine.Engine BEGIN (implicit)
2025-09-27 12:56:24,788 INFO sqlalchemy.engine.Engine SELECT 1
2025-09-27 12:56:24,788 INFO sqlalchemy.engine.Engine [generated in 0.00004s] ()
✅ Database connection successful
2025-09-27 12:56:24,789 INFO sqlalchemy.engine.Engine SELECT tablename FROM pg_tables WHERE schemaname = 'public'
2025-09-27 12:56:24,789 INFO sqlalchemy.engine.Engine [generated in 0.00005s] ()
📊 Found 6 tables: ['bot_status', 'profit_data', 'strategies', 'trades', 'connected_wallets', 'price_data']
2025-09-27 12:56:24,791 INFO sqlalchemy.engine.Engine COMMIT
INFO:     Application startup complete.
🔄 Fetching balance for user wallet: 2VyHQNXD62CqjHGbNkG8CZ1iVP9GRvcmss3gJDNQ1LVJ
✅ Loaded bot wallet from DB: B5CFkECN9FpVrQiYF5X2du3PoRSUtVBEYLV6AFg6uZBw
🤖 Using bot wallet: B5CFkECN9FpVrQiYF5X2du3PoRSUtVBEYLV6AFg6uZBw
🔄 Fetching ALL live token balances...
✅ User balance fetched: 0.042279885 SOL
INFO:     127.0.0.1:53427 - "GET /api/wallet/balance/2VyHQNXD62CqjHGbNkG8CZ1iVP9GRvcmss3gJDNQ1LVJ HTTP/1.1" 200 OK
💰 Found 3 tokens on blockchain
✅ Updated tokens for B5CFkECN9FpVrQiYF5X2du3PoRSUtVBEYLV6AFg6uZBw: 3 tokens
📊 Active tokens (2):
  SOL: 0.001844048
  USDT: 0.000873
INFO:     127.0.0.1:53429 - "GET /api/wallet/bot-wallet-live HTTP/1.1" 200 OK
WARNING:  WatchFiles detected changes in 'app/routes/wallet.py'. Reloading...
INFO:     Shutting down
INFO:     Waiting for application shutdown.
INFO:     Application shutdown complete.
INFO:     Finished server process [68583]
INFO:     Started server process [68728]
INFO:     Waiting for application startup.
2025-09-27 12:56:33,155 INFO sqlalchemy.engine.Engine select pg_catalog.version()
2025-09-27 12:56:33,155 INFO sqlalchemy.engine.Engine [raw sql] ()
2025-09-27 12:56:33,157 INFO sqlalchemy.engine.Engine select current_schema()
2025-09-27 12:56:33,157 INFO sqlalchemy.engine.Engine [raw sql] ()
2025-09-27 12:56:33,159 INFO sqlalchemy.engine.Engine show standard_conforming_strings
2025-09-27 12:56:33,159 INFO sqlalchemy.engine.Engine [raw sql] ()
2025-09-27 12:56:33,160 INFO sqlalchemy.engine.Engine BEGIN (implicit)
2025-09-27 12:56:33,160 INFO sqlalchemy.engine.Engine SELECT 1
2025-09-27 12:56:33,160 INFO sqlalchemy.engine.Engine [generated in 0.00005s] ()
✅ Database connection successful
2025-09-27 12:56:33,161 INFO sqlalchemy.engine.Engine SELECT tablename FROM pg_tables WHERE schemaname = 'public'
2025-09-27 12:56:33,161 INFO sqlalchemy.engine.Engine [generated in 0.00005s] ()
📊 Found 6 tables: ['bot_status', 'profit_data', 'strategies', 'trades', 'connected_wallets', 'price_data']
2025-09-27 12:56:33,163 INFO sqlalchemy.engine.Engine COMMIT
INFO:     Application startup complete.
WARNING:  WatchFiles detected changes in 'app/routes/wallet.py'. Reloading...
INFO:     Shutting down
INFO:     Waiting for application shutdown.
INFO:     Application shutdown complete.
INFO:     Finished server process [68728]
INFO:     Started server process [68809]
INFO:     Waiting for application startup.
2025-09-27 12:56:36,666 INFO sqlalchemy.engine.Engine select pg_catalog.version()
2025-09-27 12:56:36,666 INFO sqlalchemy.engine.Engine [raw sql] ()
2025-09-27 12:56:36,668 INFO sqlalchemy.engine.Engine select current_schema()
2025-09-27 12:56:36,668 INFO sqlalchemy.engine.Engine [raw sql] ()
2025-09-27 12:56:36,670 INFO sqlalchemy.engine.Engine show standard_conforming_strings
2025-09-27 12:56:36,670 INFO sqlalchemy.engine.Engine [raw sql] ()
2025-09-27 12:56:36,671 INFO sqlalchemy.engine.Engine BEGIN (implicit)
2025-09-27 12:56:36,671 INFO sqlalchemy.engine.Engine SELECT 1
2025-09-27 12:56:36,671 INFO sqlalchemy.engine.Engine [generated in 0.00010s] ()
✅ Database connection successful
2025-09-27 12:56:36,672 INFO sqlalchemy.engine.Engine SELECT tablename FROM pg_tables WHERE schemaname = 'public'
2025-09-27 12:56:36,672 INFO sqlalchemy.engine.Engine [generated in 0.00005s] ()
📊 Found 6 tables: ['bot_status', 'profit_data', 'strategies', 'trades', 'connected_wallets', 'price_data']
2025-09-27 12:56:36,675 INFO sqlalchemy.engine.Engine COMMIT
INFO:     Application startup complete.
WARNING:  WatchFiles detected changes in 'app/routes/wallet.py'. Reloading...
INFO:     Shutting down
INFO:     Waiting for application shutdown.
INFO:     Application shutdown complete.
INFO:     Finished server process [68809]
INFO:     Started server process [69018]
INFO:     Waiting for application startup.
2025-09-27 12:56:48,256 INFO sqlalchemy.engine.Engine select pg_catalog.version()
2025-09-27 12:56:48,256 INFO sqlalchemy.engine.Engine [raw sql] ()
2025-09-27 12:56:48,258 INFO sqlalchemy.engine.Engine select current_schema()
2025-09-27 12:56:48,258 INFO sqlalchemy.engine.Engine [raw sql] ()
2025-09-27 12:56:48,260 INFO sqlalchemy.engine.Engine show standard_conforming_strings
2025-09-27 12:56:48,260 INFO sqlalchemy.engine.Engine [raw sql] ()
2025-09-27 12:56:48,261 INFO sqlalchemy.engine.Engine BEGIN (implicit)
2025-09-27 12:56:48,261 INFO sqlalchemy.engine.Engine SELECT 1
2025-09-27 12:56:48,261 INFO sqlalchemy.engine.Engine [generated in 0.00005s] ()
✅ Database connection successful
2025-09-27 12:56:48,262 INFO sqlalchemy.engine.Engine SELECT tablename FROM pg_tables WHERE schemaname = 'public'
2025-09-27 12:56:48,262 INFO sqlalchemy.engine.Engine [generated in 0.00005s] ()
📊 Found 6 tables: ['bot_status', 'profit_data', 'strategies', 'trades', 'connected_wallets', 'price_data']
2025-09-27 12:56:48,265 INFO sqlalchemy.engine.Engine COMMIT
INFO:     Application startup complete.
WARNING:  WatchFiles detected changes in 'app/routes/wallet.py'. Reloading...
INFO:     Shutting down
INFO:     Waiting for application shutdown.
INFO:     Application shutdown complete.
INFO:     Finished server process [69018]
INFO:     Started server process [69072]
INFO:     Waiting for application startup.
2025-09-27 12:56:51,046 INFO sqlalchemy.engine.Engine select pg_catalog.version()
2025-09-27 12:56:51,046 INFO sqlalchemy.engine.Engine [raw sql] ()
2025-09-27 12:56:51,048 INFO sqlalchemy.engine.Engine select current_schema()
2025-09-27 12:56:51,048 INFO sqlalchemy.engine.Engine [raw sql] ()
2025-09-27 12:56:51,050 INFO sqlalchemy.engine.Engine show standard_conforming_strings
2025-09-27 12:56:51,050 INFO sqlalchemy.engine.Engine [raw sql] ()
2025-09-27 12:56:51,051 INFO sqlalchemy.engine.Engine BEGIN (implicit)
2025-09-27 12:56:51,051 INFO sqlalchemy.engine.Engine SELECT 1
2025-09-27 12:56:51,051 INFO sqlalchemy.engine.Engine [generated in 0.00006s] ()
✅ Database connection successful
2025-09-27 12:56:51,052 INFO sqlalchemy.engine.Engine SELECT tablename FROM pg_tables WHERE schemaname = 'public'
2025-09-27 12:56:51,052 INFO sqlalchemy.engine.Engine [generated in 0.00005s] ()
📊 Found 6 tables: ['bot_status', 'profit_data', 'strategies', 'trades', 'connected_wallets', 'price_data']
2025-09-27 12:56:51,055 INFO sqlalchemy.engine.Engine COMMIT
INFO:     Application startup complete.
🔄 Fetching balance for user wallet: 2VyHQNXD62CqjHGbNkG8CZ1iVP9GRvcmss3gJDNQ1LVJ
✅ Loaded bot wallet from DB: B5CFkECN9FpVrQiYF5X2du3PoRSUtVBEYLV6AFg6uZBw
🤖 Using bot wallet: B5CFkECN9FpVrQiYF5X2du3PoRSUtVBEYLV6AFg6uZBw
🔄 Fetching ALL live token balances...
✅ User balance fetched: 0.042279885 SOL
INFO:     127.0.0.1:53580 - "GET /api/wallet/balance/2VyHQNXD62CqjHGbNkG8CZ1iVP9GRvcmss3gJDNQ1LVJ HTTP/1.1" 200 OK
💰 Found 3 tokens on blockchain
✅ Updated tokens for B5CFkECN9FpVrQiYF5X2du3PoRSUtVBEYLV6AFg6uZBw: 3 tokens
📊 Active tokens (2):
  SOL: 0.001844048
  USDT: 0.000873
INFO:     127.0.0.1:53582 - "GET /api/wallet/bot-wallet-live HTTP/1.1" 200 OK
INFO:     127.0.0.1:53637 - "POST /api/wallet/start-price-tracking HTTP/1.1" 200 OK
🚀 Starting SOL/USDT price tracking (30s intervals)...
🔄 Fetching SOL/USDT price...
💰 SOL/USDT price: $201.6376
💾 Price saved: SOL/USDT = $201.6376
🔄 Fetching balance for user wallet: 2VyHQNXD62CqjHGbNkG8CZ1iVP9GRvcmss3gJDNQ1LVJ
✅ Loaded bot wallet from DB: B5CFkECN9FpVrQiYF5X2du3PoRSUtVBEYLV6AFg6uZBw
🤖 Using bot wallet: B5CFkECN9FpVrQiYF5X2du3PoRSUtVBEYLV6AFg6uZBw
🔄 Fetching ALL live token balances...
✅ User balance fetched: 0.042279885 SOL
INFO:     127.0.0.1:53718 - "GET /api/wallet/balance/2VyHQNXD62CqjHGbNkG8CZ1iVP9GRvcmss3gJDNQ1LVJ HTTP/1.1" 200 OK
💰 Found 3 tokens on blockchain
✅ Updated tokens for B5CFkECN9FpVrQiYF5X2du3PoRSUtVBEYLV6AFg6uZBw: 3 tokens
📊 Active tokens (2):
  SOL: 0.001844048
  USDT: 0.000873
INFO:     127.0.0.1:53720 - "GET /api/wallet/bot-wallet-live HTTP/1.1" 200 OK
WARNING:  WatchFiles detected changes in 'app/routes/wallet.py', 'app/core/simple_price_tracker.py'. Reloading...
INFO:     Shutting down
INFO:     Waiting for application shutdown.
INFO:     Application shutdown complete.
INFO:     Finished server process [69072]
INFO:     Started server process [70174]
INFO:     Waiting for application startup.
2025-09-27 12:57:49,768 INFO sqlalchemy.engine.Engine select pg_catalog.version()
2025-09-27 12:57:49,768 INFO sqlalchemy.engine.Engine [raw sql] ()
2025-09-27 12:57:49,770 INFO sqlalchemy.engine.Engine select current_schema()
2025-09-27 12:57:49,770 INFO sqlalchemy.engine.Engine [raw sql] ()
2025-09-27 12:57:49,771 INFO sqlalchemy.engine.Engine show standard_conforming_strings
2025-09-27 12:57:49,772 INFO sqlalchemy.engine.Engine [raw sql] ()
2025-09-27 12:57:49,773 INFO sqlalchemy.engine.Engine BEGIN (implicit)
2025-09-27 12:57:49,773 INFO sqlalchemy.engine.Engine SELECT 1
2025-09-27 12:57:49,773 INFO sqlalchemy.engine.Engine [generated in 0.00006s] ()
✅ Database connection successful
2025-09-27 12:57:49,774 INFO sqlalchemy.engine.Engine SELECT tablename FROM pg_tables WHERE schemaname = 'public'
2025-09-27 12:57:49,774 INFO sqlalchemy.engine.Engine [generated in 0.00004s] ()
📊 Found 6 tables: ['bot_status', 'profit_data', 'strategies', 'trades', 'connected_wallets', 'price_data']
2025-09-27 12:57:49,776 INFO sqlalchemy.engine.Engine COMMIT
INFO:     Application startup complete.
🔄 Fetching balance for user wallet: 2VyHQNXD62CqjHGbNkG8CZ1iVP9GRvcmss3gJDNQ1LVJ
✅ Loaded bot wallet from DB: B5CFkECN9FpVrQiYF5X2du3PoRSUtVBEYLV6AFg6uZBw
🤖 Using bot wallet: B5CFkECN9FpVrQiYF5X2du3PoRSUtVBEYLV6AFg6uZBw
🔄 Fetching ALL live token balances...
💰 Found 3 tokens on blockchain
✅ User balance fetched: 0.042279885 SOL
INFO:     127.0.0.1:53855 - "GET /api/wallet/balance/2VyHQNXD62CqjHGbNkG8CZ1iVP9GRvcmss3gJDNQ1LVJ HTTP/1.1" 200 OK
✅ Updated tokens for B5CFkECN9FpVrQiYF5X2du3PoRSUtVBEYLV6AFg6uZBw: 3 tokens
📊 Active tokens (2):
  SOL: 0.001844048
  USDT: 0.000873
INFO:     127.0.0.1:53856 - "GET /api/wallet/bot-wallet-live HTTP/1.1" 200 OK
🔄 Fetching balance for user wallet: 2VyHQNXD62CqjHGbNkG8CZ1iVP9GRvcmss3gJDNQ1LVJ
✅ Loaded bot wallet from DB: B5CFkECN9FpVrQiYF5X2du3PoRSUtVBEYLV6AFg6uZBw
🤖 Using bot wallet: B5CFkECN9FpVrQiYF5X2du3PoRSUtVBEYLV6AFg6uZBw
🔄 Fetching ALL live token balances...
✅ User balance fetched: 0.042279885 SOL
INFO:     127.0.0.1:53989 - "GET /api/wallet/balance/2VyHQNXD62CqjHGbNkG8CZ1iVP9GRvcmss3gJDNQ1LVJ HTTP/1.1" 200 OK
💰 Found 3 tokens on blockchain
✅ Updated tokens for B5CFkECN9FpVrQiYF5X2du3PoRSUtVBEYLV6AFg6uZBw: 3 tokens
📊 Active tokens (2):
  SOL: 0.001844048
  USDT: 0.000873
INFO:     127.0.0.1:53991 - "GET /api/wallet/bot-wallet-live HTTP/1.1" 200 OK
🔄 Fetching balance for user wallet: 2VyHQNXD62CqjHGbNkG8CZ1iVP9GRvcmss3gJDNQ1LVJ
✅ Loaded bot wallet from DB: B5CFkECN9FpVrQiYF5X2du3PoRSUtVBEYLV6AFg6uZBw
🤖 Using bot wallet: B5CFkECN9FpVrQiYF5X2du3PoRSUtVBEYLV6AFg6uZBw
🔄 Fetching ALL live token balances...
✅ User balance fetched: 0.042279885 SOL
INFO:     127.0.0.1:54117 - "GET /api/wallet/balance/2VyHQNXD62CqjHGbNkG8CZ1iVP9GRvcmss3gJDNQ1LVJ HTTP/1.1" 200 OK
💰 Found 3 tokens on blockchain
✅ Updated tokens for B5CFkECN9FpVrQiYF5X2du3PoRSUtVBEYLV6AFg6uZBw: 3 tokens
📊 Active tokens (2):
  SOL: 0.001844048
  USDT: 0.000873
INFO:     127.0.0.1:54118 - "GET /api/wallet/bot-wallet-live HTTP/1.1" 200 OK
🔄 Fetching balance for user wallet: 2VyHQNXD62CqjHGbNkG8CZ1iVP9GRvcmss3gJDNQ1LVJ
✅ Loaded bot wallet from DB: B5CFkECN9FpVrQiYF5X2du3PoRSUtVBEYLV6AFg6uZBw
🤖 Using bot wallet: B5CFkECN9FpVrQiYF5X2du3PoRSUtVBEYLV6AFg6uZBw
🔄 Fetching ALL live token balances...
✅ User balance fetched: 0.042279885 SOL
INFO:     127.0.0.1:54272 - "GET /api/wallet/balance/2VyHQNXD62CqjHGbNkG8CZ1iVP9GRvcmss3gJDNQ1LVJ HTTP/1.1" 200 OK
💰 Found 3 tokens on blockchain
✅ Updated tokens for B5CFkECN9FpVrQiYF5X2du3PoRSUtVBEYLV6AFg6uZBw: 3 tokens
📊 Active tokens (2):
  SOL: 0.001844048
  USDT: 0.000873
INFO:     127.0.0.1:54273 - "GET /api/wallet/bot-wallet-live HTTP/1.1" 200 OK
🔄 Fetching balance for user wallet: 2VyHQNXD62CqjHGbNkG8CZ1iVP9GRvcmss3gJDNQ1LVJ
✅ Loaded bot wallet from DB: B5CFkECN9FpVrQiYF5X2du3PoRSUtVBEYLV6AFg6uZBw
🤖 Using bot wallet: B5CFkECN9FpVrQiYF5X2du3PoRSUtVBEYLV6AFg6uZBw
🔄 Fetching ALL live token balances...
✅ User balance fetched: 0.042279885 SOL
INFO:     127.0.0.1:54410 - "GET /api/wallet/balance/2VyHQNXD62CqjHGbNkG8CZ1iVP9GRvcmss3gJDNQ1LVJ HTTP/1.1" 200 OK
💰 Found 3 tokens on blockchain
✅ Updated tokens for B5CFkECN9FpVrQiYF5X2du3PoRSUtVBEYLV6AFg6uZBw: 3 tokens
📊 Active tokens (2):
  SOL: 0.001844048
  USDT: 0.000873
INFO:     127.0.0.1:54412 - "GET /api/wallet/bot-wallet-live HTTP/1.1" 200 OK
WARNING:  WatchFiles detected changes in 'app/main.py'. Reloading...
INFO:     Shutting down
INFO:     Waiting for application shutdown.
INFO:     Application shutdown complete.
INFO:     Finished server process [70174]
INFO:     Started server process [72932]
INFO:     Waiting for application startup.
2025-09-27 13:00:15,678 INFO sqlalchemy.engine.Engine select pg_catalog.version()
2025-09-27 13:00:15,678 INFO sqlalchemy.engine.Engine [raw sql] ()
2025-09-27 13:00:15,684 INFO sqlalchemy.engine.Engine select current_schema()
2025-09-27 13:00:15,684 INFO sqlalchemy.engine.Engine [raw sql] ()
2025-09-27 13:00:15,685 INFO sqlalchemy.engine.Engine show standard_conforming_strings
2025-09-27 13:00:15,685 INFO sqlalchemy.engine.Engine [raw sql] ()
2025-09-27 13:00:15,687 INFO sqlalchemy.engine.Engine BEGIN (implicit)
2025-09-27 13:00:15,687 INFO sqlalchemy.engine.Engine SELECT 1
2025-09-27 13:00:15,687 INFO sqlalchemy.engine.Engine [generated in 0.00006s] ()
✅ Database connection successful
2025-09-27 13:00:15,688 INFO sqlalchemy.engine.Engine SELECT tablename FROM pg_tables WHERE schemaname = 'public'
2025-09-27 13:00:15,688 INFO sqlalchemy.engine.Engine [generated in 0.00006s] ()
📊 Found 6 tables: ['bot_status', 'profit_data', 'strategies', 'trades', 'connected_wallets', 'price_data']
2025-09-27 13:00:15,691 INFO sqlalchemy.engine.Engine COMMIT
INFO:     Application startup complete.
WARNING:  WatchFiles detected changes in 'app/main.py'. Reloading...
INFO:     Shutting down
INFO:     Waiting for application shutdown.
INFO:     Application shutdown complete.
INFO:     Finished server process [72932]
INFO:     Started server process [73017]
INFO:     Waiting for application startup.
2025-09-27 13:00:18,686 INFO sqlalchemy.engine.Engine select pg_catalog.version()
2025-09-27 13:00:18,686 INFO sqlalchemy.engine.Engine [raw sql] ()
2025-09-27 13:00:18,688 INFO sqlalchemy.engine.Engine select current_schema()
2025-09-27 13:00:18,688 INFO sqlalchemy.engine.Engine [raw sql] ()
2025-09-27 13:00:18,690 INFO sqlalchemy.engine.Engine show standard_conforming_strings
2025-09-27 13:00:18,690 INFO sqlalchemy.engine.Engine [raw sql] ()
2025-09-27 13:00:18,691 INFO sqlalchemy.engine.Engine BEGIN (implicit)
2025-09-27 13:00:18,691 INFO sqlalchemy.engine.Engine SELECT 1
2025-09-27 13:00:18,691 INFO sqlalchemy.engine.Engine [generated in 0.00006s] ()
✅ Database connection successful
2025-09-27 13:00:18,693 INFO sqlalchemy.engine.Engine SELECT tablename FROM pg_tables WHERE schemaname = 'public'
2025-09-27 13:00:18,693 INFO sqlalchemy.engine.Engine [generated in 0.00004s] ()
📊 Found 6 tables: ['bot_status', 'profit_data', 'strategies', 'trades', 'connected_wallets', 'price_data']
2025-09-27 13:00:18,696 INFO sqlalchemy.engine.Engine COMMIT
INFO:     Application startup complete.
WARNING:  WatchFiles detected changes in 'app/main.py'. Reloading...
INFO:     Shutting down
INFO:     Waiting for application shutdown.
INFO:     Application shutdown complete.
INFO:     Finished server process [73017]
INFO:     Started server process [73155]
INFO:     Waiting for application startup.
2025-09-27 13:00:26,465 INFO sqlalchemy.engine.Engine select pg_catalog.version()
2025-09-27 13:00:26,465 INFO sqlalchemy.engine.Engine [raw sql] ()
2025-09-27 13:00:26,467 INFO sqlalchemy.engine.Engine select current_schema()
2025-09-27 13:00:26,467 INFO sqlalchemy.engine.Engine [raw sql] ()
2025-09-27 13:00:26,469 INFO sqlalchemy.engine.Engine show standard_conforming_strings
2025-09-27 13:00:26,469 INFO sqlalchemy.engine.Engine [raw sql] ()
2025-09-27 13:00:26,470 INFO sqlalchemy.engine.Engine BEGIN (implicit)
2025-09-27 13:00:26,471 INFO sqlalchemy.engine.Engine SELECT 1
2025-09-27 13:00:26,471 INFO sqlalchemy.engine.Engine [generated in 0.00006s] ()
✅ Database connection successful
2025-09-27 13:00:26,472 INFO sqlalchemy.engine.Engine SELECT tablename FROM pg_tables WHERE schemaname = 'public'
2025-09-27 13:00:26,472 INFO sqlalchemy.engine.Engine [generated in 0.00004s] ()
📊 Found 6 tables: ['bot_status', 'profit_data', 'strategies', 'trades', 'connected_wallets', 'price_data']
2025-09-27 13:00:26,476 INFO sqlalchemy.engine.Engine COMMIT
INFO:     Application startup complete.
WARNING:  WatchFiles detected changes in 'app/main.py'. Reloading...
INFO:     Shutting down
INFO:     Waiting for application shutdown.
INFO:     Application shutdown complete.
INFO:     Finished server process [73155]
INFO:     Started server process [73215]
INFO:     Waiting for application startup.
2025-09-27 13:00:28,878 INFO sqlalchemy.engine.Engine select pg_catalog.version()
2025-09-27 13:00:28,879 INFO sqlalchemy.engine.Engine [raw sql] ()
2025-09-27 13:00:28,880 INFO sqlalchemy.engine.Engine select current_schema()
2025-09-27 13:00:28,880 INFO sqlalchemy.engine.Engine [raw sql] ()
2025-09-27 13:00:28,882 INFO sqlalchemy.engine.Engine show standard_conforming_strings
2025-09-27 13:00:28,882 INFO sqlalchemy.engine.Engine [raw sql] ()
2025-09-27 13:00:28,884 INFO sqlalchemy.engine.Engine BEGIN (implicit)
2025-09-27 13:00:28,884 INFO sqlalchemy.engine.Engine SELECT 1
2025-09-27 13:00:28,884 INFO sqlalchemy.engine.Engine [generated in 0.00008s] ()
✅ Database connection successful
2025-09-27 13:00:28,885 INFO sqlalchemy.engine.Engine SELECT tablename FROM pg_tables WHERE schemaname = 'public'
2025-09-27 13:00:28,885 INFO sqlalchemy.engine.Engine [generated in 0.00004s] ()
📊 Found 6 tables: ['bot_status', 'profit_data', 'strategies', 'trades', 'connected_wallets', 'price_data']
2025-09-27 13:00:28,887 INFO sqlalchemy.engine.Engine COMMIT
INFO:     Application startup complete.
WARNING:  WatchFiles detected changes in 'app/routes/wallet.py'. Reloading...
INFO:     Shutting down
INFO:     Waiting for application shutdown.
INFO:     Application shutdown complete.
INFO:     Finished server process [73215]
INFO:     Started server process [73379]
INFO:     Waiting for application startup.
2025-09-27 13:00:38,392 INFO sqlalchemy.engine.Engine select pg_catalog.version()
2025-09-27 13:00:38,392 INFO sqlalchemy.engine.Engine [raw sql] ()
2025-09-27 13:00:38,394 INFO sqlalchemy.engine.Engine select current_schema()
2025-09-27 13:00:38,394 INFO sqlalchemy.engine.Engine [raw sql] ()
2025-09-27 13:00:38,396 INFO sqlalchemy.engine.Engine show standard_conforming_strings
2025-09-27 13:00:38,396 INFO sqlalchemy.engine.Engine [raw sql] ()
2025-09-27 13:00:38,397 INFO sqlalchemy.engine.Engine BEGIN (implicit)
2025-09-27 13:00:38,397 INFO sqlalchemy.engine.Engine SELECT 1
2025-09-27 13:00:38,397 INFO sqlalchemy.engine.Engine [generated in 0.00008s] ()
✅ Database connection successful
2025-09-27 13:00:38,398 INFO sqlalchemy.engine.Engine SELECT tablename FROM pg_tables WHERE schemaname = 'public'
2025-09-27 13:00:38,398 INFO sqlalchemy.engine.Engine [generated in 0.00008s] ()
📊 Found 6 tables: ['bot_status', 'profit_data', 'strategies', 'trades', 'connected_wallets', 'price_data']
2025-09-27 13:00:38,401 INFO sqlalchemy.engine.Engine COMMIT
INFO:     Application startup complete.
🚀 Auto-starting price tracking...
🚀 Starting SOL/USDT price tracking (30s intervals)...
🔄 Fetching SOL/USDT price...
💰 SOL/USDT price: $201.6574
💾 Price saved: SOL/USDT = $201.6574
INFO:     127.0.0.1:54656 - "GET /api/wallet/price-tracking-status HTTP/1.1" 200 OK
2025-09-27 13:01:04,476 INFO sqlalchemy.engine.Engine BEGIN (implicit)
2025-09-27 13:01:04,476 INFO sqlalchemy.engine.Engine 
                SELECT token_pair, price, source, timestamp
                FROM price_data
                ORDER BY timestamp DESC
                LIMIT $1
            
2025-09-27 13:01:04,476 INFO sqlalchemy.engine.Engine [generated in 0.00011s] (3,)
2025-09-27 13:01:04,479 INFO sqlalchemy.engine.Engine ROLLBACK
INFO:     127.0.0.1:54704 - "GET /api/wallet/price-data?limit=3 HTTP/1.1" 200 OK
🔄 Fetching SOL/USDT price...
💰 SOL/USDT price: $201.5237
💾 Price saved: SOL/USDT = $201.5237
🔄 Fetching balance for user wallet: 2VyHQNXD62CqjHGbNkG8CZ1iVP9GRvcmss3gJDNQ1LVJ
✅ Loaded bot wallet from DB: B5CFkECN9FpVrQiYF5X2du3PoRSUtVBEYLV6AFg6uZBw
🤖 Using bot wallet: B5CFkECN9FpVrQiYF5X2du3PoRSUtVBEYLV6AFg6uZBw
🔄 Fetching ALL live token balances...
✅ User balance fetched: 0.042279885 SOL
INFO:     127.0.0.1:54773 - "GET /api/wallet/balance/2VyHQNXD62CqjHGbNkG8CZ1iVP9GRvcmss3gJDNQ1LVJ HTTP/1.1" 200 OK
WARNING:  WatchFiles detected changes in 'app/routes/wallet.py', 'app/main.py'. Reloading...
💰 Found 3 tokens on blockchain
✅ Updated tokens for B5CFkECN9FpVrQiYF5X2du3PoRSUtVBEYLV6AFg6uZBw: 3 tokens
📊 Active tokens (2):
  SOL: 0.001844048
  USDT: 0.000873
INFO:     127.0.0.1:54774 - "GET /api/wallet/bot-wallet-live HTTP/1.1" 200 OK
INFO:     Shutting down
INFO:     Waiting for application shutdown.
INFO:     Application shutdown complete.
INFO:     Finished server process [73379]
INFO:     Started server process [74175]
INFO:     Waiting for application startup.
2025-09-27 13:01:18,163 INFO sqlalchemy.engine.Engine select pg_catalog.version()
2025-09-27 13:01:18,163 INFO sqlalchemy.engine.Engine [raw sql] ()
2025-09-27 13:01:18,165 INFO sqlalchemy.engine.Engine select current_schema()
2025-09-27 13:01:18,165 INFO sqlalchemy.engine.Engine [raw sql] ()
2025-09-27 13:01:18,166 INFO sqlalchemy.engine.Engine show standard_conforming_strings
2025-09-27 13:01:18,166 INFO sqlalchemy.engine.Engine [raw sql] ()
2025-09-27 13:01:18,167 INFO sqlalchemy.engine.Engine BEGIN (implicit)
2025-09-27 13:01:18,167 INFO sqlalchemy.engine.Engine SELECT 1
2025-09-27 13:01:18,167 INFO sqlalchemy.engine.Engine [generated in 0.00005s] ()
✅ Database connection successful
2025-09-27 13:01:18,168 INFO sqlalchemy.engine.Engine SELECT tablename FROM pg_tables WHERE schemaname = 'public'
2025-09-27 13:01:18,168 INFO sqlalchemy.engine.Engine [generated in 0.00005s] ()
📊 Found 6 tables: ['bot_status', 'profit_data', 'strategies', 'trades', 'connected_wallets', 'price_data']
2025-09-27 13:01:18,169 INFO sqlalchemy.engine.Engine COMMIT
INFO:     Application startup complete.
🚀 Auto-starting price tracking...
🚀 Starting SOL/USDT price tracking (30s intervals)...
🔄 Fetching SOL/USDT price...
💰 SOL/USDT price: $201.4749
💾 Price saved: SOL/USDT = $201.4749
🔄 Fetching SOL/USDT price...
💰 SOL/USDT price: $201.5391
💾 Price saved: SOL/USDT = $201.5391
🔄 Fetching balance for user wallet: 2VyHQNXD62CqjHGbNkG8CZ1iVP9GRvcmss3gJDNQ1LVJ
✅ Loaded bot wallet from DB: B5CFkECN9FpVrQiYF5X2du3PoRSUtVBEYLV6AFg6uZBw
🤖 Using bot wallet: B5CFkECN9FpVrQiYF5X2du3PoRSUtVBEYLV6AFg6uZBw
🔄 Fetching ALL live token balances...
✅ User balance fetched: 0.042279885 SOL
INFO:     127.0.0.1:55064 - "GET /api/wallet/balance/2VyHQNXD62CqjHGbNkG8CZ1iVP9GRvcmss3gJDNQ1LVJ HTTP/1.1" 200 OK
💰 Found 3 tokens on blockchain
✅ Updated tokens for B5CFkECN9FpVrQiYF5X2du3PoRSUtVBEYLV6AFg6uZBw: 3 tokens
📊 Active tokens (2):
  SOL: 0.001844048
  USDT: 0.000873
INFO:     127.0.0.1:55065 - "GET /api/wallet/bot-wallet-live HTTP/1.1" 200 OK
🔄 Fetching SOL/USDT price...
💰 SOL/USDT price: $201.4211
💾 Price saved: SOL/USDT = $201.4211
🔄 Fetching SOL/USDT price...
💰 SOL/USDT price: $201.3501
💾 Price saved: SOL/USDT = $201.3501
🔄 Fetching balance for user wallet: 2VyHQNXD62CqjHGbNkG8CZ1iVP9GRvcmss3gJDNQ1LVJ
✅ Loaded bot wallet from DB: B5CFkECN9FpVrQiYF5X2du3PoRSUtVBEYLV6AFg6uZBw
🤖 Using bot wallet: B5CFkECN9FpVrQiYF5X2du3PoRSUtVBEYLV6AFg6uZBw
🔄 Fetching ALL live token balances...
✅ User balance fetched: 0.042279885 SOL
INFO:     127.0.0.1:55336 - "GET /api/wallet/balance/2VyHQNXD62CqjHGbNkG8CZ1iVP9GRvcmss3gJDNQ1LVJ HTTP/1.1" 200 OK
💰 Found 3 tokens on blockchain
✅ Updated tokens for B5CFkECN9FpVrQiYF5X2du3PoRSUtVBEYLV6AFg6uZBw: 3 tokens
📊 Active tokens (2):
  SOL: 0.001844048
  USDT: 0.000873
INFO:     127.0.0.1:55338 - "GET /api/wallet/bot-wallet-live HTTP/1.1" 200 OK
🔄 Fetching SOL/USDT price...
💰 SOL/USDT price: $201.3103
💾 Price saved: SOL/USDT = $201.3103
🔄 Fetching SOL/USDT price...
💰 SOL/USDT price: $201.2890
💾 Price saved: SOL/USDT = $201.2890
🔄 Fetching balance for user wallet: 2VyHQNXD62CqjHGbNkG8CZ1iVP9GRvcmss3gJDNQ1LVJ
✅ Loaded bot wallet from DB: B5CFkECN9FpVrQiYF5X2du3PoRSUtVBEYLV6AFg6uZBw
🤖 Using bot wallet: B5CFkECN9FpVrQiYF5X2du3PoRSUtVBEYLV6AFg6uZBw
🔄 Fetching ALL live token balances...
✅ User balance fetched: 0.042279885 SOL
INFO:     127.0.0.1:55607 - "GET /api/wallet/balance/2VyHQNXD62CqjHGbNkG8CZ1iVP9GRvcmss3gJDNQ1LVJ HTTP/1.1" 200 OK
💰 Found 3 tokens on blockchain
✅ Updated tokens for B5CFkECN9FpVrQiYF5X2du3PoRSUtVBEYLV6AFg6uZBw: 3 tokens
📊 Active tokens (2):
  SOL: 0.001844048
  USDT: 0.000873
INFO:     127.0.0.1:55609 - "GET /api/wallet/bot-wallet-live HTTP/1.1" 200 OK
🔄 Fetching SOL/USDT price...
💰 SOL/USDT price: $201.2605
💾 Price saved: SOL/USDT = $201.2605
🔄 Fetching SOL/USDT price...
💰 SOL/USDT price: $201.4053
💾 Price saved: SOL/USDT = $201.4053
🔄 Fetching balance for user wallet: 2VyHQNXD62CqjHGbNkG8CZ1iVP9GRvcmss3gJDNQ1LVJ
✅ Loaded bot wallet from DB: B5CFkECN9FpVrQiYF5X2du3PoRSUtVBEYLV6AFg6uZBw
🤖 Using bot wallet: B5CFkECN9FpVrQiYF5X2du3PoRSUtVBEYLV6AFg6uZBw
🔄 Fetching ALL live token balances...
✅ User balance fetched: 0.042279885 SOL
INFO:     127.0.0.1:55873 - "GET /api/wallet/balance/2VyHQNXD62CqjHGbNkG8CZ1iVP9GRvcmss3gJDNQ1LVJ HTTP/1.1" 200 OK
💰 Found 3 tokens on blockchain
✅ Updated tokens for B5CFkECN9FpVrQiYF5X2du3PoRSUtVBEYLV6AFg6uZBw: 3 tokens
📊 Active tokens (2):
  SOL: 0.001844048
  USDT: 0.000873
INFO:     127.0.0.1:55875 - "GET /api/wallet/bot-wallet-live HTTP/1.1" 200 OK
WARNING:  WatchFiles detected changes in 'app/core/simple_strategy.py'. Reloading...
INFO:     Shutting down
INFO:     Waiting for application shutdown.
INFO:     Application shutdown complete.
INFO:     Finished server process [74175]
WARNING:  WatchFiles detected changes in 'app/core/simple_strategy.py'. Reloading...
INFO:     Started server process [78797]
INFO:     Waiting for application startup.
2025-09-27 13:05:29,564 INFO sqlalchemy.engine.Engine select pg_catalog.version()
2025-09-27 13:05:29,564 INFO sqlalchemy.engine.Engine [raw sql] ()
2025-09-27 13:05:29,566 INFO sqlalchemy.engine.Engine select current_schema()
2025-09-27 13:05:29,566 INFO sqlalchemy.engine.Engine [raw sql] ()
2025-09-27 13:05:29,567 INFO sqlalchemy.engine.Engine show standard_conforming_strings
2025-09-27 13:05:29,567 INFO sqlalchemy.engine.Engine [raw sql] ()
2025-09-27 13:05:29,568 INFO sqlalchemy.engine.Engine BEGIN (implicit)
2025-09-27 13:05:29,569 INFO sqlalchemy.engine.Engine SELECT 1
2025-09-27 13:05:29,569 INFO sqlalchemy.engine.Engine [generated in 0.00004s] ()
✅ Database connection successful
2025-09-27 13:05:29,570 INFO sqlalchemy.engine.Engine SELECT tablename FROM pg_tables WHERE schemaname = 'public'
2025-09-27 13:05:29,570 INFO sqlalchemy.engine.Engine [generated in 0.00006s] ()
📊 Found 7 tables: ['bot_status', 'profit_data', 'strategies', 'trades', 'connected_wallets', 'price_data', 'positions']
2025-09-27 13:05:29,572 INFO sqlalchemy.engine.Engine COMMIT
INFO:     Application startup complete.
INFO:     Started server process [78817]
INFO:     Waiting for application startup.
2025-09-27 13:05:30,052 INFO sqlalchemy.engine.Engine select pg_catalog.version()
2025-09-27 13:05:30,052 INFO sqlalchemy.engine.Engine [raw sql] ()
2025-09-27 13:05:30,054 INFO sqlalchemy.engine.Engine select current_schema()
2025-09-27 13:05:30,054 INFO sqlalchemy.engine.Engine [raw sql] ()
2025-09-27 13:05:30,056 INFO sqlalchemy.engine.Engine show standard_conforming_strings
2025-09-27 13:05:30,056 INFO sqlalchemy.engine.Engine [raw sql] ()
2025-09-27 13:05:30,057 INFO sqlalchemy.engine.Engine BEGIN (implicit)
2025-09-27 13:05:30,057 INFO sqlalchemy.engine.Engine SELECT 1
2025-09-27 13:05:30,057 INFO sqlalchemy.engine.Engine [generated in 0.00008s] ()
✅ Database connection successful
2025-09-27 13:05:30,058 INFO sqlalchemy.engine.Engine SELECT tablename FROM pg_tables WHERE schemaname = 'public'
2025-09-27 13:05:30,058 INFO sqlalchemy.engine.Engine [generated in 0.00006s] ()
📊 Found 7 tables: ['bot_status', 'profit_data', 'strategies', 'trades', 'connected_wallets', 'price_data', 'positions']
2025-09-27 13:05:30,060 INFO sqlalchemy.engine.Engine COMMIT
INFO:     Application startup complete.
WARNING:  WatchFiles detected changes in 'app/core/simple_strategy.py'. Reloading...
INFO:     Shutting down
INFO:     Waiting for application shutdown.
INFO:     Application shutdown complete.
INFO:     Finished server process [78817]
INFO:     Started server process [79159]
INFO:     Waiting for application startup.
2025-09-27 13:05:49,465 INFO sqlalchemy.engine.Engine select pg_catalog.version()
2025-09-27 13:05:49,465 INFO sqlalchemy.engine.Engine [raw sql] ()
2025-09-27 13:05:49,467 INFO sqlalchemy.engine.Engine select current_schema()
2025-09-27 13:05:49,467 INFO sqlalchemy.engine.Engine [raw sql] ()
2025-09-27 13:05:49,469 INFO sqlalchemy.engine.Engine show standard_conforming_strings
2025-09-27 13:05:49,469 INFO sqlalchemy.engine.Engine [raw sql] ()
2025-09-27 13:05:49,470 INFO sqlalchemy.engine.Engine BEGIN (implicit)
2025-09-27 13:05:49,470 INFO sqlalchemy.engine.Engine SELECT 1
2025-09-27 13:05:49,470 INFO sqlalchemy.engine.Engine [generated in 0.00004s] ()
✅ Database connection successful
2025-09-27 13:05:49,471 INFO sqlalchemy.engine.Engine SELECT tablename FROM pg_tables WHERE schemaname = 'public'
2025-09-27 13:05:49,471 INFO sqlalchemy.engine.Engine [generated in 0.00003s] ()
📊 Found 7 tables: ['bot_status', 'profit_data', 'strategies', 'trades', 'connected_wallets', 'price_data', 'positions']
2025-09-27 13:05:49,474 INFO sqlalchemy.engine.Engine COMMIT
INFO:     Application startup complete.
WARNING:  WatchFiles detected changes in 'app/routes/wallet.py'. Reloading...
INFO:     Shutting down
INFO:     Waiting for application shutdown.
INFO:     Application shutdown complete.
INFO:     Finished server process [79159]
INFO:     Started server process [79273]
INFO:     Waiting for application startup.
2025-09-27 13:05:55,842 INFO sqlalchemy.engine.Engine select pg_catalog.version()
2025-09-27 13:05:55,842 INFO sqlalchemy.engine.Engine [raw sql] ()
2025-09-27 13:05:55,844 INFO sqlalchemy.engine.Engine select current_schema()
2025-09-27 13:05:55,844 INFO sqlalchemy.engine.Engine [raw sql] ()
2025-09-27 13:05:55,846 INFO sqlalchemy.engine.Engine show standard_conforming_strings
2025-09-27 13:05:55,846 INFO sqlalchemy.engine.Engine [raw sql] ()
2025-09-27 13:05:55,847 INFO sqlalchemy.engine.Engine BEGIN (implicit)
2025-09-27 13:05:55,847 INFO sqlalchemy.engine.Engine SELECT 1
2025-09-27 13:05:55,847 INFO sqlalchemy.engine.Engine [generated in 0.00008s] ()
✅ Database connection successful
2025-09-27 13:05:55,848 INFO sqlalchemy.engine.Engine SELECT tablename FROM pg_tables WHERE schemaname = 'public'
2025-09-27 13:05:55,848 INFO sqlalchemy.engine.Engine [generated in 0.00005s] ()
📊 Found 7 tables: ['bot_status', 'profit_data', 'strategies', 'trades', 'connected_wallets', 'price_data', 'positions']
2025-09-27 13:05:55,851 INFO sqlalchemy.engine.Engine COMMIT
INFO:     Application startup complete.
WARNING:  WatchFiles detected changes in 'app/routes/wallet.py'. Reloading...
INFO:     Shutting down
INFO:     Waiting for application shutdown.
INFO:     Application shutdown complete.
INFO:     Finished server process [79273]
INFO:     Started server process [79380]
INFO:     Waiting for application startup.
2025-09-27 13:05:58,555 INFO sqlalchemy.engine.Engine select pg_catalog.version()
2025-09-27 13:05:58,555 INFO sqlalchemy.engine.Engine [raw sql] ()
2025-09-27 13:05:58,557 INFO sqlalchemy.engine.Engine select current_schema()
2025-09-27 13:05:58,557 INFO sqlalchemy.engine.Engine [raw sql] ()
2025-09-27 13:05:58,558 INFO sqlalchemy.engine.Engine show standard_conforming_strings
2025-09-27 13:05:58,558 INFO sqlalchemy.engine.Engine [raw sql] ()
2025-09-27 13:05:58,560 INFO sqlalchemy.engine.Engine BEGIN (implicit)
2025-09-27 13:05:58,560 INFO sqlalchemy.engine.Engine SELECT 1
2025-09-27 13:05:58,560 INFO sqlalchemy.engine.Engine [generated in 0.00005s] ()
✅ Database connection successful
2025-09-27 13:05:58,561 INFO sqlalchemy.engine.Engine SELECT tablename FROM pg_tables WHERE schemaname = 'public'
2025-09-27 13:05:58,561 INFO sqlalchemy.engine.Engine [generated in 0.00004s] ()
📊 Found 7 tables: ['bot_status', 'profit_data', 'strategies', 'trades', 'connected_wallets', 'price_data', 'positions']
2025-09-27 13:05:58,563 INFO sqlalchemy.engine.Engine COMMIT
INFO:     Application startup complete.
WARNING:  WatchFiles detected changes in 'app/routes/wallet.py'. Reloading...
INFO:     Shutting down
INFO:     Waiting for application shutdown.
INFO:     Application shutdown complete.
INFO:     Finished server process [79380]
INFO:     Started server process [79573]
INFO:     Waiting for application startup.
2025-09-27 13:06:09,375 INFO sqlalchemy.engine.Engine select pg_catalog.version()
2025-09-27 13:06:09,375 INFO sqlalchemy.engine.Engine [raw sql] ()
2025-09-27 13:06:09,377 INFO sqlalchemy.engine.Engine select current_schema()
2025-09-27 13:06:09,378 INFO sqlalchemy.engine.Engine [raw sql] ()
2025-09-27 13:06:09,379 INFO sqlalchemy.engine.Engine show standard_conforming_strings
2025-09-27 13:06:09,379 INFO sqlalchemy.engine.Engine [raw sql] ()
2025-09-27 13:06:09,380 INFO sqlalchemy.engine.Engine BEGIN (implicit)
2025-09-27 13:06:09,380 INFO sqlalchemy.engine.Engine SELECT 1
2025-09-27 13:06:09,380 INFO sqlalchemy.engine.Engine [generated in 0.00008s] ()
✅ Database connection successful
2025-09-27 13:06:09,383 INFO sqlalchemy.engine.Engine SELECT tablename FROM pg_tables WHERE schemaname = 'public'
2025-09-27 13:06:09,383 INFO sqlalchemy.engine.Engine [generated in 0.00100s] ()
📊 Found 7 tables: ['bot_status', 'profit_data', 'strategies', 'trades', 'connected_wallets', 'price_data', 'positions']
2025-09-27 13:06:09,386 INFO sqlalchemy.engine.Engine COMMIT
INFO:     Application startup complete.
🚀 Auto-starting price tracking...
🚀 Starting SOL/USDT price tracking (30s intervals)...
🔄 Fetching SOL/USDT price...
💰 SOL/USDT price: $201.3939
💾 Price saved: SOL/USDT = $201.3939
🔄 Fetching balance for user wallet: 2VyHQNXD62CqjHGbNkG8CZ1iVP9GRvcmss3gJDNQ1LVJ
✅ Loaded bot wallet from DB: B5CFkECN9FpVrQiYF5X2du3PoRSUtVBEYLV6AFg6uZBw
🤖 Using bot wallet: B5CFkECN9FpVrQiYF5X2du3PoRSUtVBEYLV6AFg6uZBw
🔄 Fetching ALL live token balances...
✅ User balance fetched: 0.042279885 SOL
INFO:     127.0.0.1:56180 - "GET /api/wallet/balance/2VyHQNXD62CqjHGbNkG8CZ1iVP9GRvcmss3gJDNQ1LVJ HTTP/1.1" 200 OK
💰 Found 3 tokens on blockchain
✅ Updated tokens for B5CFkECN9FpVrQiYF5X2du3PoRSUtVBEYLV6AFg6uZBw: 3 tokens
📊 Active tokens (2):
  SOL: 0.001844048
  USDT: 0.000873
INFO:     127.0.0.1:56182 - "GET /api/wallet/bot-wallet-live HTTP/1.1" 200 OK
INFO:     127.0.0.1:56232 - "GET /api/wallet/trading-status HTTP/1.1" 200 OK
WARNING:  WatchFiles detected changes in 'app/routes/wallet.py', 'app/core/simple_strategy.py'. Reloading...
INFO:     Shutting down
INFO:     Waiting for application shutdown.
INFO:     Application shutdown complete.
INFO:     Finished server process [79573]
INFO:     Started server process [80141]
INFO:     Waiting for application startup.
2025-09-27 13:06:40,598 INFO sqlalchemy.engine.Engine select pg_catalog.version()
2025-09-27 13:06:40,598 INFO sqlalchemy.engine.Engine [raw sql] ()
2025-09-27 13:06:40,600 INFO sqlalchemy.engine.Engine select current_schema()
2025-09-27 13:06:40,600 INFO sqlalchemy.engine.Engine [raw sql] ()
2025-09-27 13:06:40,601 INFO sqlalchemy.engine.Engine show standard_conforming_strings
2025-09-27 13:06:40,601 INFO sqlalchemy.engine.Engine [raw sql] ()
2025-09-27 13:06:40,602 INFO sqlalchemy.engine.Engine BEGIN (implicit)
2025-09-27 13:06:40,603 INFO sqlalchemy.engine.Engine SELECT 1
2025-09-27 13:06:40,603 INFO sqlalchemy.engine.Engine [generated in 0.00005s] ()
✅ Database connection successful
2025-09-27 13:06:40,604 INFO sqlalchemy.engine.Engine SELECT tablename FROM pg_tables WHERE schemaname = 'public'
2025-09-27 13:06:40,604 INFO sqlalchemy.engine.Engine [generated in 0.00004s] ()
📊 Found 7 tables: ['bot_status', 'profit_data', 'strategies', 'trades', 'connected_wallets', 'price_data', 'positions']
2025-09-27 13:06:40,606 INFO sqlalchemy.engine.Engine COMMIT
INFO:     Application startup complete.
WARNING:  WatchFiles detected changes in 'app/core/simple_price_tracker.py'. Reloading...
INFO:     Shutting down
INFO:     Waiting for application shutdown.
INFO:     Application shutdown complete.
INFO:     Finished server process [80141]
INFO:     Started server process [80552]
INFO:     Waiting for application startup.
2025-09-27 13:07:01,209 INFO sqlalchemy.engine.Engine select pg_catalog.version()
2025-09-27 13:07:01,209 INFO sqlalchemy.engine.Engine [raw sql] ()
2025-09-27 13:07:01,211 INFO sqlalchemy.engine.Engine select current_schema()
2025-09-27 13:07:01,211 INFO sqlalchemy.engine.Engine [raw sql] ()
2025-09-27 13:07:01,213 INFO sqlalchemy.engine.Engine show standard_conforming_strings
2025-09-27 13:07:01,213 INFO sqlalchemy.engine.Engine [raw sql] ()
2025-09-27 13:07:01,214 INFO sqlalchemy.engine.Engine BEGIN (implicit)
2025-09-27 13:07:01,214 INFO sqlalchemy.engine.Engine SELECT 1
2025-09-27 13:07:01,214 INFO sqlalchemy.engine.Engine [generated in 0.00009s] ()
✅ Database connection successful
2025-09-27 13:07:01,215 INFO sqlalchemy.engine.Engine SELECT tablename FROM pg_tables WHERE schemaname = 'public'
2025-09-27 13:07:01,215 INFO sqlalchemy.engine.Engine [generated in 0.00017s] ()
📊 Found 7 tables: ['bot_status', 'profit_data', 'strategies', 'trades', 'connected_wallets', 'price_data', 'positions']
2025-09-27 13:07:01,218 INFO sqlalchemy.engine.Engine COMMIT
INFO:     Application startup complete.
WARNING:  WatchFiles detected changes in 'app/core/simple_price_tracker.py'. Reloading...
INFO:     Shutting down
INFO:     Waiting for application shutdown.
INFO:     Application shutdown complete.
INFO:     Finished server process [80552]
INFO:     Started server process [80587]
INFO:     Waiting for application startup.
2025-09-27 13:07:02,511 INFO sqlalchemy.engine.Engine select pg_catalog.version()
2025-09-27 13:07:02,511 INFO sqlalchemy.engine.Engine [raw sql] ()
2025-09-27 13:07:02,513 INFO sqlalchemy.engine.Engine select current_schema()
2025-09-27 13:07:02,513 INFO sqlalchemy.engine.Engine [raw sql] ()
2025-09-27 13:07:02,515 INFO sqlalchemy.engine.Engine show standard_conforming_strings
2025-09-27 13:07:02,515 INFO sqlalchemy.engine.Engine [raw sql] ()
2025-09-27 13:07:02,516 INFO sqlalchemy.engine.Engine BEGIN (implicit)
2025-09-27 13:07:02,516 INFO sqlalchemy.engine.Engine SELECT 1
2025-09-27 13:07:02,516 INFO sqlalchemy.engine.Engine [generated in 0.00005s] ()
✅ Database connection successful
2025-09-27 13:07:02,518 INFO sqlalchemy.engine.Engine SELECT tablename FROM pg_tables WHERE schemaname = 'public'
2025-09-27 13:07:02,518 INFO sqlalchemy.engine.Engine [generated in 0.00025s] ()
📊 Found 7 tables: ['bot_status', 'profit_data', 'strategies', 'trades', 'connected_wallets', 'price_data', 'positions']
2025-09-27 13:07:02,520 INFO sqlalchemy.engine.Engine COMMIT
INFO:     Application startup complete.
🚀 Auto-starting price tracking...
🚀 Starting SOL/USDT price tracking (30s intervals)...
🔄 Fetching SOL/USDT price...
💰 SOL/USDT price: $201.2975
💾 Price saved: SOL/USDT = $201.2975
🔄 Fetching balance for user wallet: 2VyHQNXD62CqjHGbNkG8CZ1iVP9GRvcmss3gJDNQ1LVJ
✅ Loaded bot wallet from DB: B5CFkECN9FpVrQiYF5X2du3PoRSUtVBEYLV6AFg6uZBw
🤖 Using bot wallet: B5CFkECN9FpVrQiYF5X2du3PoRSUtVBEYLV6AFg6uZBw
🔄 Fetching ALL live token balances...
✅ User balance fetched: 0.042279885 SOL
INFO:     127.0.0.1:56484 - "GET /api/wallet/balance/2VyHQNXD62CqjHGbNkG8CZ1iVP9GRvcmss3gJDNQ1LVJ HTTP/1.1" 200 OK
💰 Found 3 tokens on blockchain
✅ Updated tokens for B5CFkECN9FpVrQiYF5X2du3PoRSUtVBEYLV6AFg6uZBw: 3 tokens
📊 Active tokens (2):
  SOL: 0.001844048
  USDT: 0.000873
INFO:     127.0.0.1:56485 - "GET /api/wallet/bot-wallet-live HTTP/1.1" 200 OK
INFO:     127.0.0.1:56497 - "POST /api/wallet/start-automated-trading HTTP/1.1" 200 OK
🤖 Starting automated trading strategy...
💱 Current SOL/USDT: $201.2975
📊 5m average: $201.3437 (15 points)
🔄 Fetching balance for user wallet: 2VyHQNXD62CqjHGbNkG8CZ1iVP9GRvcmss3gJDNQ1LVJ
2025-09-27 13:07:25,406 INFO sqlalchemy.engine.Engine BEGIN (implicit)
2025-09-27 13:07:25,406 INFO sqlalchemy.engine.Engine 
                SELECT trade_id, token_symbol, action, price, profit_loss, status,
                       wallet_address, input_token, output_token, input_amount, output_amount,
                       trade_action, signature, fee_sol, timestamp, created_at
                FROM trades
                ORDER BY created_at DESC
                LIMIT $1
            
2025-09-27 13:07:25,406 INFO sqlalchemy.engine.Engine [generated in 0.00010s] (5,)
2025-09-27 13:07:25,420 INFO sqlalchemy.engine.Engine ROLLBACK
INFO:     127.0.0.1:56552 - "GET /api/wallet/trades?limit=5 HTTP/1.1" 200 OK
✅ Loaded bot wallet from DB: B5CFkECN9FpVrQiYF5X2du3PoRSUtVBEYLV6AFg6uZBw
🤖 Using bot wallet: B5CFkECN9FpVrQiYF5X2du3PoRSUtVBEYLV6AFg6uZBw
🔄 Fetching ALL live token balances...
✅ User balance fetched: 0.042279885 SOL
INFO:     127.0.0.1:56549 - "GET /api/wallet/balance/2VyHQNXD62CqjHGbNkG8CZ1iVP9GRvcmss3gJDNQ1LVJ HTTP/1.1" 200 OK
💰 Found 3 tokens on blockchain
✅ Updated tokens for B5CFkECN9FpVrQiYF5X2du3PoRSUtVBEYLV6AFg6uZBw: 3 tokens
📊 Active tokens (2):
  SOL: 0.001844048
  USDT: 0.000873
INFO:     127.0.0.1:56550 - "GET /api/wallet/bot-wallet-live HTTP/1.1" 200 OK
